구분,정규화명,srtnCd,asoStdCd,ISU_CD
규칙적중,BNKBNK24-11회사채(AA-이상)액티브증권상장지수투자신탁(채권),E7021,K55240E70212,
규칙적중,BNKBNK26-06특수채(AAA이상)액티브증권상장지수투자신탁(채권),EF294,K55240EF2948,
규칙적중,BNKBNK27-12특수채(AAA이상)액티브증권상장지수투자신탁(채권),EV495,K55240EV4951,
규칙적중,BNKBNK2차전지양극재증권상장지수투자신탁(주식),E6209,K55240E62094,
규칙적중,BNKBNK미래전략기술액티브증권상장지수투자신탁(주식),E3256,K55240E32568,
규칙적중,BNKBNK스마트카증권상장지수투자신탁(주식),EV493,K55240EV4936,
규칙적중,BNKBNK온디바이스AI증권상장지수투자신탁(주식),EC913,K55240EC9136,
규칙적중,BNKBNK주주가치액티브증권상장지수투자신탁(주식),DY245,K55240DY2458,
규칙적중,BNKBNK카카오그룹포커스증권상장지수투자신탁(주식),EP943,K55240EP9438,
규칙적중,DB마이티200TotalReturn증권상장지수투자신탁[주식],EP376,K55216EP3761,
규칙적중,DB마이티200커버드콜ATM레버리지증권상장지수투자신탁[주식-파생형],BW844,K55216BW8442,
규칙적중,DB마이티26-09특수채(AAA)액티브증권상장지수투자신탁[채권],E5728,K55216E57284,
규칙적중,DB마이티5월만기자동연장특수채(AAA)액티브증권상장지수투자신탁[채권],EV707,K55216EV7079,
규칙적중,DB마이티AI데이터센터밸류체인증권상장지수투자신탁[주식],EX552,K55216EX5527,
규칙적중,DB마이티K100증권상장지수투자신탁[주식],AB397,KR5216AB3979,
규칙적중,DB마이티다이나믹퀀트액티브증권상장지수투자신탁[주식],DW276,K55216DW2765,
규칙적중,DB마이티바이오시밀러&CDMO액티브증권상장지수투자신탁[주식],EG602,K55216EG6021,
규칙적중,DB마이티신약포커스바이오액티브증권상장지수투자신탁[주식],EY525,K55216EY5252,
규칙적중,DB마이티코스피고배당증권상장지수투자신탁[주식],AX766,KR5216AX7669,
규칙적중,IBKIBK200증권상장지수투자신탁[주식],E6312,K55234E63129,
규칙적중,IBKIBKK-AI반도체코어테크증권상장지수투자신탁[주식],EG316,K55234EG3166,
규칙적중,IBKIBK미국AITOP10국채혼합50증권상장지수투자신탁[채권혼합],ES848,K55234ES8484,
규칙적중,IBKIBK중기종합채권(AA-이상)액티브증권상장지수투자신탁[채권],EP329,K55234EP3298,
규칙적중,IBKIBK초단기채권액티브증권상장지수투자신탁[채권],EV326,K55234EV3266,
규칙적중,IBKIBK코스닥150증권상장지수투자신탁[주식],ET917,K55234ET9176,
규칙적중,IBKIBK코스피액티브증권상장지수투자신탁[주식],ES849,K55234ES8492,
규칙적중,IBK파노라마상장지수연계사모증권투자신탁제74호[DLS-파생형],A5025,KR5234A50252,
규칙적중,KBKBSTAR200IT증권상장지수투자신탁(주식),C0258,K55223C02587,
규칙적중,KBKBSTAR200건설증권상장지수투자신탁(주식),C0259,K55223C02595,
규칙적중,KBKBSTAR200경기소비재증권상장지수투자신탁(주식),C0260,K55223C02603,
규칙적중,KBKBSTAR200산업재증권상장지수투자신탁(주식),C0262,K55223C02629,
규칙적중,KBKBSTAR200생활소비재증권상장지수투자신탁(주식),C0263,K55223C02637,
규칙적중,KBKBSTAR200에너지화학증권상장지수투자신탁(주식),C0264,K55223C02645,
규칙적중,KBKBSTAR200중공업증권상장지수투자신탁(주식),C0265,K55223C02652,
규칙적중,KBKBSTAR200철강소재증권상장지수투자신탁(주식),C0266,K55223C02660,
규칙적중,KBKBSTAR200커뮤니케이션서비스증권상장지수투자신탁(주식),CJ136,K55223CJ1360,
규칙적중,KBKBSTAR23-11회사채(AA-이상)액티브증권상장지수투자신탁(채권),DY859,K55223DY8597,
규칙적중,KBKBSTARFnK-뉴딜디지털플러스증권상장지수투자신탁(주식),DB491,K55223DB4916,
규칙적중,KBKBSTARKQ모멘텀로우볼증권상장지수투자신탁(주식),CB761,K55223CB7613,
규칙적중,KBKBSTARKQ모멘텀밸류증권상장지수투자신탁(주식),CB762,K55223CB7621,
규칙적중,KBKBSTARKRX300레버리지증권상장지수투자신탁(주식-파생형),CF268,K55223CF2685,
규칙적중,KBKBSTARKRX300미국달러선물혼합자산상장지수투자신탁(혼합-파생형),CL681,K55223CL6811,
규칙적중,KBKBSTARKRX300선물인버스증권상장지수투자신탁(주식-파생형),CF269,K55223CF2693,
규칙적중,KBKBSTARKRX국채선물3년10년스티프너2X증권상장지수투자신탁(채권-파생형),CX144,K55223CX1446,
규칙적중,KBKBSTARKRX국채선물3년10년스티프너증권상장지수투자신탁(채권-파생형),CY962,K55223CY9620,
규칙적중,KBKBSTARKRX국채선물3년10년플래트너2X증권상장지수투자신탁(채권-파생형),CY963,K55223CY9638,
규칙적중,KBKBSTARKRX국채선물3년10년플래트너증권상장지수투자신탁(채권-파생형),CY964,K55223CY9646,
규칙적중,KBKBSTARKRX기후변화솔루션증권상장지수투자신탁(주식),DO387,K55223DO3871,
규칙적중,KBKBSTAR레버리지증권상장지수투자신탁(주식-파생형),24256,KR5223242565,
규칙적중,KBKBSTAR모멘텀로우볼증권상장지수투자신탁(주식),BI022,K55223BI0224,
규칙적중,KBKBSTAR모멘텀밸류증권상장지수투자신탁(주식),BI023,K55223BI0232,
규칙적중,KBKBSTAR미국장기국채선물인버스2X증권상장지수투자신탁(채권-파생형)(합성H),BN112,K55223BN1126,
규칙적중,KBKBSTAR일본TOPIX레버리지증권상장지수투자신탁(주식-재간접파생형)(H),AS525,KR5223AS5257,
규칙적중,KBKBSTAR중소형모멘텀로우볼증권상장지수투자신탁(주식),CB759,K55223CB7597,
규칙적중,KBKBSTAR중소형모멘텀밸류증권상장지수투자신탁(주식),CB760,K55223CB7605,
규칙적중,KBKBSTAR지주회사증권상장지수투자신탁(주식),BZ565,K55223BZ5651,
규칙적중,KBKBSTAR코스피ex200증권상장지수투자신탁(주식),D9364,K55223D93642,
규칙적중,KBKStar5대그룹주장기채플러스증권상장지수투자신탁(주식혼합-파생형),AA543,KR5223AA5430,
규칙적중,KBRISE200TotalReturn증권상장지수투자신탁(주식),D9348,K55223D93485,
규칙적중,KBRISE200고배당커버드콜ATM증권상장지수투자신탁(주식-파생형),C3709,K55223C37096,
규칙적중,KBRISE200금융증권상장지수투자신탁(주식),C0261,K55223C02611,
규칙적중,KBRISE200선물레버리지증권상장지수투자신탁(주식-파생형),BG963,K55223BG9631,
규칙적중,KBRISE200선물인버스2X증권상장지수투자신탁(주식-파생형),BH159,K55223BH1595,
규칙적중,KBRISE200선물인버스증권상장지수투자신탁(주식-파생형),BG964,K55223BG9649,
규칙적중,KBRISE200위클리커버드콜증권상장지수투자신탁(주식-파생형),E8844,K55223E88442,
규칙적중,KBRISE200증권상장지수투자신탁(주식),A6690,KR5223A66905,
규칙적중,KBRISE200채권혼합50증권상장지수투자신탁(채권혼합),AL416,KR5223AL4166,
규칙적중,KBRISE25-03회사채(AA-이상)액티브증권상장지수투자신탁(채권),E4947,K55223E49477,
규칙적중,KBRISE25-06은행채(AA+이상)액티브증권상장지수투자신탁(채권),EB389,K55223EB3891,
규칙적중,KBRISE25-11회사채(AA-이상)액티브증권상장지수투자신탁(채권),DY860,K55223DY8605,
규칙적중,KBRISE26-11회사채(AA-이상)액티브증권상장지수투자신탁(채권),EP295,K55223EP2954,
규칙적중,KBRISE2차전지TOP10iSelect증권상장지수투자신탁(주식),E5714,K55223E57140,
규칙적중,KBRISE2차전지TOP10인버스iSelect증권상장지수투자신탁(주식-파생형)(합성),E5715,K55223E57157,
규칙적중,KBRISE2차전지액티브증권상장지수투자신탁(주식),DS861,K55223DS8611,
규칙적중,KBRISE5대그룹주증권상장지수투자신탁(주식),88490,KR5223884903,
규칙적중,KBRISEAI&로봇증권상장지수투자신탁(주식),E6378,K55223E63783,
규칙적중,KBRISEAI반도체TOP10증권상장지수투자신탁(주식),EM486,K55223EM4862,
규칙적중,KBRISEAI전력인프라증권상장지수투자신탁(주식),EN731,K55223EN7310,
규칙적중,KBRISEAI플랫폼증권상장지수투자신탁(주식),DT714,K55223DT7141,
규칙적중,KBRISECD금리액티브특별자산상장지수투자신탁(금리-파생형)(합성),E8988,K55223E89887,
규칙적중,KBRISEESG사회책임투자증권상장지수투자신탁(주식),C3708,K55223C37088,
규칙적중,KBRISEFn수소경제테마증권상장지수투자신탁(주식),DB489,K55223DB4890,
규칙적중,KBRISEFn창업투자회사증권상장지수투자신탁(주식),DT713,K55223DT7133,
규칙적중,KBRISEIT플러스증권상장지수투자신탁(주식),CR057,K55223CR0578,
규칙적중,KBRISEKIS국고채30년Enhanced증권상장지수투자신탁(채권),DJ215,K55223DJ2151,
규칙적중,KBRISEKOFR금리액티브증권상장지수투자신탁(채권혼합-파생형)(합성),E9849,K55223E98490,
규칙적중,KBRISEKP달러채권액티브증권상장지수투자신탁(채권),E6723,K55223E67230,
규칙적중,KBRISEKQ고배당증권상장지수투자신탁(주식),BR953,K55223BR9539,
규칙적중,KBRISEKRX300증권상장지수투자신탁(주식),C5351,K55223C53515,
규칙적중,KBRISEK엔터&여행레저증권상장지수투자신탁(주식),DJ889,K55223DJ8893,
규칙적중,KBRISESK하이닉스단일종목레버리지증권상장지수투자신탁(주식-파생형),ET861,K55223ET8619,
규칙적중,KBRISETSLA-UST타겟커버드콜증권상장지수투자신탁(채권혼합-파생재간접형)(합성),EH616,K55223EH6161,
규칙적중,KBRISEV&S셀렉트밸류증권상장지수투자신탁(주식),B9112,K55223B91129,
규칙적중,KBRISEV&S셀렉트밸류채권혼합증권상장지수투자신탁(채권혼합),BB738,K55223BB7382,
규칙적중,KBRISEiSelect메타버스증권상장지수투자신탁(주식),DN501,K55223DN5018,
규칙적중,KBRISE게임테마증권상장지수투자신탁(주식),CB763,K55223CB7639,
규칙적중,KBRISE고배당증권상장지수투자신탁(주식),BM706,K55223BM7066,
규칙적중,KBRISE국고채10년액티브증권상장지수투자신탁(채권),EB144,K55223EB1440,
규칙적중,KBRISE국고채3년선물인버스증권상장지수투자신탁(채권-파생형),BY879,K55223BY8797,
규칙적중,KBRISE국고채3년증권상장지수투자신탁(채권),14902,KR5223149026,
규칙적중,KBRISE국채30년레버리지KAP증권상장지수투자신탁(채권-파생형)(합성),E0062,K55223E00629,
규칙적중,KBRISE국채선물10년인버스증권상장지수투자신탁(채권-파생형),C8272,K55223C82720,
규칙적중,KBRISE국채선물10년증권상장지수투자신탁(채권-파생형),C8271,K55223C82712,
규칙적중,KBRISE국채선물3년증권상장지수투자신탁(채권-파생형),DU561,K55223DU5613,
규칙적중,KBRISE국채선물5년추종인버스증권상장지수투자신탁(채권-파생형),DM452,K55223DM4525,
규칙적중,KBRISE국채선물5년추종증권상장지수투자신탁(채권-파생형),DM451,K55223DM4517,
규칙적중,KBRISE글로벌AI낸드메모리반도체증권상장지수투자신탁(주식),EX989,K55223EX9892,
규칙적중,KBRISE글로벌게임테크TOP3Plus증권상장지수투자신탁(주식),EO353,K55223EO3532,
규칙적중,KBRISE글로벌농업경제MV증권상장지수투자신탁(주식),DV161,K55223DV1611,
규칙적중,KBRISE글로벌데이터센터리츠부동산상장지수투자신탁(파생형)(합성),DE121,K55223DE1216,
규칙적중,KBRISE글로벌리얼티인컴부동산상장지수투자신탁(재간접형),E8569,K55223E85695,
규칙적중,KBRISE글로벌메타버스Moorgate증권상장지수투자신탁(주식),DP115,K55223DP1155,
규칙적중,KBRISE글로벌비만산업TOP2+증권상장지수투자신탁(주식),E8925,K55223E89259,
규칙적중,KBRISE글로벌수소경제Indxx증권상장지수투자신탁(주식),DQ965,K55223DQ9652,
규칙적중,KBRISE글로벌원자력iSelect증권상장지수투자신탁(주식),DX494,K55223DX4944,
규칙적중,KBRISE글로벌자산배분액티브증권상장지수투자신탁(혼합-재간접형),E3463,K55223E34636,
규칙적중,KBRISE글로벌주식분산액티브증권상장지수투자신탁(주식-재간접형),E3252,K55223E32523,
규칙적중,KBRISE글로벌클린에너지S&P증권상장지수투자신탁(주식),DK667,K55223DK6670,
규칙적중,KBRISE글로벌테크놀로지증권상장지수투자신탁(주식-파생형)(합성H),BU654,K55223BU6548,
규칙적중,KBRISE금융채액티브증권상장지수투자신탁(채권),CW348,K55223CW3484,
규칙적중,KBRISE내수주플러스증권상장지수투자신탁(주식),CR058,K55223CR0586,
규칙적중,KBRISE네트워크인프라증권상장지수투자신탁(주식),DB488,K55223DB4882,
규칙적중,KBRISE단기국공채액티브증권상장지수투자신탁(채권),BR594,K55223BR5941,
규칙적중,KBRISE단기채권알파액티브증권상장지수투자신탁(채권),DJ216,K55223DJ2169,
규칙적중,KBRISE단기통안채증권상장지수투자신탁(채권),AO860,KR5223AO8602,
규칙적중,KBRISE단기특수은행채액티브증권상장지수투자신탁(채권),EJ563,K55223EJ5633,
규칙적중,KBRISE대형고배당10TotalReturn증권상장지수투자신탁(주식),CJ303,K55223CJ3036,
규칙적중,KBRISE동학개미증권상장지수투자신탁(주식),EO350,K55223EO3508,
규칙적중,KBRISE머니마켓액티브증권상장지수투자신탁(채권),E2258,K55223E22581,
규칙적중,KBRISE미국30년국채액티브증권상장지수투자신탁(채권),EB145,K55223EB1457,
규칙적중,KBRISE미국30년국채엔화노출증권상장지수투자신탁(채권-파생형)(합성H),E7782,K55223E77825,
규칙적중,KBRISE미국30년국채커버드콜증권상장지수투자신탁(채권-파생형)(합성),E7606,K55223E76066,
규칙적중,KBRISE미국AI밸류체인TOP3Plus증권상장지수투자신탁(주식),EB686,K55223EB6860,
규칙적중,KBRISE미국AI밸류체인데일리고정커버드콜증권상장지수투자신탁(주식-파생형),ED115,K55223ED1158,
규칙적중,KBRISE미국AI전력인프라액티브증권상장지수투자신탁(주식),ER911,K55223ER9114,
규칙적중,KBRISE미국AI클라우드인프라증권상장지수투자신탁(주식),EP291,K55223EP2913,
규칙적중,KBRISE미국AI테크액티브증권상장지수투자신탁(주식),EF742,K55223EF7427,
규칙적중,KBRISE미국S&P500데일리고정커버드콜증권상장지수투자신탁(주식),EP976,K55223EP9769,
규칙적중,KBRISE미국S&P500엔화노출증권상장지수투자신탁(주식-파생형)(합성H),EG992,K55223EG9927,
규칙적중,KBRISE미국S&P500증권상장지수투자신탁(주식),DG417,K55223DG4176,
규칙적중,KBRISE미국S&P500증권상장지수투자신탁(주식)(H),E0528,K55223E05289,
규칙적중,KBRISE미국S&P배당킹증권상장지수투자신탁(주식),E3464,K55223E34644,
규칙적중,KBRISE미국S&P원유생산기업증권상장지수투자신탁(주식-파생형)(합성H),B2817,K55223B28170,
규칙적중,KBRISE미국고배당다우존스TOP10증권상장지수투자신탁(주식),EP058,K55223EP0586,
규칙적중,KBRISE미국고정배당우선증권ICE증권상장지수투자신탁(주식혼합),D4845,K55223D48455,
규칙적중,KBRISE미국나스닥100증권상장지수투자신탁(주식),DB490,K55223DB4908,
규칙적중,KBRISE미국단기투자등급회사채액티브증권상장지수투자신탁(채권),DV160,K55223DV1603,
규칙적중,KBRISE미국달러SOFR금리액티브특별자산상장지수투자신탁(금리-파생형)(합성),E2033,K55223E20338,
규칙적중,KBRISE미국달러선물인버스특별자산상장지수투자신탁(미국달러-파생형),E6578,K55223E65788,
규칙적중,KBRISE미국반도체NYSE증권상장지수투자신탁(주식),E6590,K55223E65903,
규칙적중,KBRISE미국반도체NYSE증권상장지수투자신탁(주식)(H),E6591,K55223E65911,
규칙적중,KBRISE미국반도체인버스증권상장지수투자신탁(주식-파생형)(합성H),ED942,K55223ED9425,
규칙적중,KBRISE미국배당100데일리고정커버드콜증권상장지수투자신탁(주식),ED116,K55223ED1166,
규칙적중,KBRISE미국양자컴퓨팅증권상장지수투자신탁(주식),EI049,K55223EI0494,
규칙적중,KBRISE미국우주&로봇TOP2미국채혼합50증권상장지수투자신탁(채권혼합-재간접형),EW802,K55223EW8028,
규칙적중,KBRISE미국우주위성통신증권상장지수투자신탁(주식),EX728,K55223EX7284,
규칙적중,KBRISE미국은행TOP10증권상장지수투자신탁(주식),EH424,K55223EH4240,
규칙적중,KBRISE미국장기국채선물레버리지증권상장지수투자신탁(채권-파생형)(합성H),BN111,K55223BN1118,
규칙적중,KBRISE미국장기국채선물인버스증권상장지수투자신탁(채권-파생형)(H),BN109,K55223BN1092,
규칙적중,KBRISE미국장기국채선물증권상장지수투자신탁(채권-파생형)(H),BN108,K55223BN1084,
규칙적중,KBRISE미국천연가스밸류체인증권상장지수투자신탁(주식),EJ016,K55223EJ0162,
규칙적중,KBRISE미국테크100데일리고정커버드콜증권상장지수투자신탁(주식-파생형),ED941,K55223ED9417,
규칙적중,KBRISE미국휴머노이드로봇증권상장지수투자신탁(주식),EJ017,K55223EJ0170,
규칙적중,KBRISE바이오TOP10액티브증권상장지수투자신탁(주식),EG476,K55223EG4761,
규칙적중,KBRISE배터리리사이클링iSelect증권상장지수투자신탁(주식),DY394,K55223DY3945,
규칙적중,KBRISE버크셔포트폴리오TOP10증권상장지수투자신탁(주식),E8568,K55223E85687,
규칙적중,KBRISE비메모리반도체액티브증권상장지수투자신탁(주식),DJ890,K55223DJ8901,
규칙적중,KBRISE삼성그룹Top3채권혼합블룸버그증권상장지수투자신탁(채권혼합),DY858,K55223DY8589,
규칙적중,KBRISE삼성전자SK하이닉스채권혼합50증권상장지수투자신탁(채권혼합),ES675,K55223ES6754,
규칙적중,KBRISE삼성전자단일종목레버리지증권상장지수투자신탁(주식-파생형),ET860,K55223ET8601,
규칙적중,KBRISE수출주증권상장지수투자신탁(주식),A2004,KR5223A20043,
규칙적중,KBRISE엔비디아고정테크100증권상장지수투자신탁(주식),EM372,K55223EM3724,
규칙적중,KBRISE우량업종대표주증권상장지수투자신탁(주식),A2002,KR5223A20027,
규칙적중,KBRISE유로스탁스50증권상장지수투자신탁(주식)(H),DG418,K55223DG4184,
규칙적중,KBRISE인도디지털성장증권상장지수투자신탁(주식-파생형),EF147,K55223EF1479,
규칙적중,KBRISE일본섹터TOP4Plus증권상장지수투자신탁(주식),EC573,K55223EC5739,
규칙적중,KBRISE적격TDF2030액티브증권상장지수투자신탁(주식혼합-재간접형),DX523,K55223DX5230,
규칙적중,KBRISE적격TDF2040액티브증권상장지수투자신탁(주식혼합-재간접형),DX524,K55223DX5248,
규칙적중,KBRISE적격TDF2050액티브증권상장지수투자신탁(주식혼합-재간접형),DX525,K55223DX5255,
규칙적중,KBRISE종합채권(A-이상)액티브증권상장지수투자신탁(채권),DJ217,K55223DJ2177,
규칙적중,KBRISE주식혼합증권상장지수투자신탁(주식혼합),AL415,KR5223AL4158,
규칙적중,KBRISE중국MSCIChina증권상장지수투자신탁(주식)(H),CG251,K55223CG2510,
규칙적중,KBRISE중국본토CSI300증권상장지수투자신탁(주식),E4564,K55223E45640,
규칙적중,KBRISE중국본토대형주CSI100증권상장지수자투자신탁(주식),AI253,KR5223AI2538,
규칙적중,KBRISE중기우량회사채증권상장지수투자신탁(채권),97037,KR5223970371,
규칙적중,KBRISE중소형고배당증권상장지수투자신탁(주식),BY350,K55223BY3509,
규칙적중,KBRISE중장기국공채액티브증권상장지수투자신탁(채권),BR595,K55223BR5958,
규칙적중,KBRISE차이나AI반도체TOP4Plus증권상장지수투자신탁(주식),ER912,K55223ER9122,
규칙적중,KBRISE차이나HSCEI증권상장지수투자신탁(주식)(H),BF097,K55223BF0979,
규칙적중,KBRISE차이나H선물인버스증권상장지수투자신탁(주식-파생형)(H),C5350,K55223C53507,
규칙적중,KBRISE차이나테크TOP10위클리타겟커버드콜증권상장지수투자신탁(주식-파생형),EL430,K55223EL4301,
규칙적중,KBRISE차이나항셍테크증권상장지수투자신탁(주식),DC984,K55223DC9849,
규칙적중,KBRISE코리아금융고배당증권상장지수투자신탁(주식),EG314,K55223EG3144,
규칙적중,KBRISE코리아밸류업위클리고정커버드콜증권상장지수투자신탁(주식-파생형),EM976,K55223EM9762,
규칙적중,KBRISE코리아밸류업증권상장지수투자신탁(주식),EF919,K55223EF9191,
규칙적중,KBRISE코리아전략산업액티브증권상장지수투자신탁(주식),ER226,K55223ER2267,
규칙적중,KBRISE코스닥150선물레버리지증권상장지수투자신탁(주식-파생형),BV808,K55223BV8089,
규칙적중,KBRISE코스닥150선물인버스증권상장지수투자신탁(주식-파생형),BT019,K55223BT0197,
규칙적중,KBRISE코스닥150증권상장지수투자신탁(주식),BQ747,K55223BQ7476,
규칙적중,KBRISE코스닥커버드콜액티브증권상장지수투자신탁(주식-파생형),ET856,K55223ET8569,
규칙적중,KBRISE코스피증권상장지수투자신탁(주식),CC147,K55223CC1474,
규칙적중,KBRISE테슬라고정테크100증권상장지수투자신탁(주식),EJ702,K55223EJ7027,
규칙적중,KBRISE테슬라애플아마존채권혼합iSelect증권상장지수투자신탁(채권혼합),DZ288,K55223DZ2888,
규칙적중,KBRISE팔라듐선물인버스특별자산상장지수투자신탁(파생형)(H),CV849,K55223CV8492,
규칙적중,KBRISE팔라듐선물특별자산상장지수투자신탁(파생형)(H),CV848,K55223CV8484,
규칙적중,KBRISE팔란티어고정테크100증권상장지수투자신탁(주식),EJ703,K55223EJ7035,
규칙적중,KBRISE헬스케어증권상장지수투자신탁(주식),BH355,K55223BH3559,
규칙적중,KBRISE헬스케어채권혼합증권상장지수투자신탁(채권혼합),BH361,K55223BH3617,
규칙적중,KBRISE현대차고정피지컬AI증권상장지수투자신탁(주식),ET942,K55223ET9427,
규칙적중,KDBPIONEERSRI증권상장지수투자신탁[주식],A6506,KR5205A65060,
규칙적중,KODEX50상장지수투자신탁(한국),35286,KR5101352866,
규칙적중,KODEXSTAR상장지수투자신탁,53092,KR5105530921,
규칙적중,KOSPI50상장지수투자신탁(제일),35287,KR5104352871,
규칙적중,KStar코스닥엘리트30증권상장지수투자신탁(주식),90201,KR5223902010,
규칙적중,KTBGREATGREEN증권상장지수투자신탁[주식],99488,KR5306994884,
규칙적중,KTBGREATSRI증권상장지수투자신탁[주식],18281,KR5306182811,
규칙적중,NH-AmundiHANARO200TOP10증권상장지수투자신탁(주식),DO937,K55232DO9372,
규칙적중,NH-AmundiHANARO200TotalReturn증권상장지수투자신탁[주식],CU296,K55232CU2966,
규칙적중,NH-AmundiHANARO200선물레버리지1.5X증권상장지수투자신탁(주식-파생형),EC379,K55232EC3790,
규칙적중,NH-AmundiHANARO200선물레버리지증권상장지수투자신탁[주식-파생형],CC888,K55232CC8882,
규칙적중,NH-AmundiHANARO200선물인버스증권상장지수투자신탁[주식-파생형],CD699,K55232CD6992,
규칙적중,NH-AmundiHANARO200증권상장지수투자신탁[주식],C5776,K55232C57764,
규칙적중,NH-AmundiHANARO25-12은행채(AA+이상)액티브증권상장지수투자신탁[채권],ED392,K55232ED3922,
규칙적중,NH-AmundiHANARO26-12은행채(AA+이상)액티브증권상장지수투자신탁[채권],EQ503,K55232EQ5039,
규칙적중,NH-AmundiHANARO27-06회사채(AA-이상)액티브증권상장지수투자신탁(채권),EN302,K55232EN3029,
규칙적중,NH-AmundiHANARO32-10국고채액티브증권상장지수투자신탁(채권),DY819,K55232DY8190,
규칙적중,NH-AmundiHANAROCAPEX설비투자iSelect증권상장지수투자신탁(주식),E1701,K55232E17012,
규칙적중,NH-AmundiHANAROCD금리액티브특별자산상장지수투자신탁[금리-파생형](합성),E5725,K55232E57257,
규칙적중,NH-AmundiHANAROFn5G산업증권상장지수투자신탁(주식),DB835,K55232DB8353,
규칙적중,NH-AmundiHANAROFnK-POP&미디어증권상장지수투자신탁(주식),DL288,K55232DL2883,
규칙적중,NH-AmundiHANAROFnK-게임증권상장지수투자신탁(주식),DL287,K55232DL2875,
규칙적중,NH-AmundiHANAROFnK-뉴딜디지털플러스증권상장지수투자신탁[주식],DB890,K55232DB8908,
규칙적중,NH-AmundiHANAROFnK-메타버스MZ증권상장지수투자신탁(주식),DN688,K55232DN6882,
규칙적중,NH-AmundiHANAROFnK-반도체증권상장지수투자신탁(주식),DL286,K55232DL2867,
규칙적중,NH-AmundiHANAROFnK-푸드증권상장지수투자신탁(주식),DW203,K55232DW2039,
규칙적중,NH-AmundiHANAROFn골프테마증권상장지수투자신탁(주식),DO938,K55232DO9380,
규칙적중,NH-AmundiHANAROFn전기&수소차증권상장지수투자신탁(주식),DH181,K55232DH1816,
규칙적중,NH-AmundiHANAROFn조선해운증권상장지수투자신탁(주식),DV759,K55232DV7591,
규칙적중,NH-AmundiHANAROFn친환경에너지증권상장지수투자신탁(주식),DH182,K55232DH1824,
규칙적중,NH-AmundiHANAROK-메디테크증권상장지수투자신탁[주식],E7587,K55232E75879,
규칙적중,NH-AmundiHANAROK-뷰티증권상장지수투자신탁(주식),E9986,K55232E99861,
규칙적중,NH-AmundiHANAROKAP초장기국고채증권상장지수투자신탁(채권-파생형),CX452,K55232CX4522,
규칙적중,NH-AmundiHANAROKOFR금리액티브특별자산상장지수투자신탁(금리-파생형)(합성),E0766,K55232E07666,
규칙적중,NH-AmundiHANAROKRX300증권상장지수투자신탁[주식],CC886,K55232CC8866,
규칙적중,NH-AmundiHANAROKRX기후변화솔루션증권상장지수투자신탁(주식),DO131,K55232DO1312,
규칙적중,NH-AmundiHANAROK고배당증권상장지수투자신탁[주식],CN989,K55232CN9895,
규칙적중,NH-AmundiHANAROK휴머노이드테마TOP10증권상장지수투자신탁[주식],ES416,K55232ES4162,
규칙적중,NH-AmundiHANAROMSCIKoreaTR증권상장지수투자신탁[주식],CU297,K55232CU2974,
규칙적중,NH-AmundiHANAROe커머스증권상장지수투자신탁[주식],CN991,K55232CN9911,
규칙적중,NH-AmundiHANARO글로벌금채굴기업증권상장지수투자신탁[주식],E6493,K55232E64931,
규칙적중,NH-AmundiHANARO글로벌럭셔리S&P증권상장지수투자신탁(파생)(합성),D3726,K55232D37269,
규칙적중,NH-AmundiHANARO글로벌반도체TOP10SOLACTIVE증권상장지수투자신탁(주식),E4323,K55232E43232,
규칙적중,NH-AmundiHANARO글로벌백신치료제MSCI증권상장지수투자신탁(주식),DU040,K55232DU0407,
규칙적중,NH-AmundiHANARO글로벌생성형AI액티브증권상장지수투자신탁(주식),E4001,K55232E40014,
규칙적중,NH-AmundiHANARO글로벌신재생에너지MSCI증권상장지수투자신탁[주식-파생형](합성),DY550,K55232DY5501,
규칙적중,NH-AmundiHANARO글로벌워터MSCI증권상장지수투자신탁(주식-파생형)(합성),DS656,K55232DS6564,
규칙적중,NH-AmundiHANARO글로벌탄소배출권선물ICE특별자산상장지수투자신탁(탄소배출권-파생형)(합성),DN126,K55232DN1263,
규칙적중,NH-AmundiHANARO글로벌피지컬AI액티브증권상장지수투자신탁(주식),EK068,K55232EK0689,
규칙적중,NH-AmundiHANARO농업융복합산업증권상장지수투자신탁[주식],CI189,K55232CI1899,
규칙적중,NH-AmundiHANARO단기채권액티브증권상장지수투자신탁(채권),DK195,K55232DK1951,
규칙적중,NH-AmundiHANARO단기통안채증권상장지수투자신탁[채권],CD700,K55232CD7008,
규칙적중,NH-AmundiHANARO머니마켓액티브증권상장지수투자신탁(채권),EC915,K55232EC9151,
규칙적중,NH-AmundiHANARO미국AI광통신TOP10증권상장지수투자신탁(주식),EW114,K55232EW1147,
규칙적중,NH-AmundiHANARO미국AI메모리반도체TOP4+증권상장지수투자신탁(주식),EU694,K55232EU6940,
규칙적중,NH-AmundiHANARO미국S&P500액티브증권상장지수투자신탁[주식],EX225,K55232EX2250,
규칙적중,NH-AmundiHANARO미국S&P500증권상장지수투자신탁(주식),DU055,K55232DU0555,
규칙적중,NH-AmundiHANARO미국메타버스iSelect증권상장지수투자신탁(주식),DR111,K55232DR1111,
규칙적중,NH-AmundiHANARO미국애그테크증권상장지수투자신탁(주식),E6675,K55232E66753,
규칙적중,NH-AmundiHANARO미국에이전틱AITOP2+증권상장지수투자신탁(주식),EY628,K55232EY6284,
규칙적중,NH-AmundiHANARO바이오코리아액티브증권상장지수투자신탁[주식],EF504,K55232EF5040,
규칙적중,NH-AmundiHANARO반도체핵심공정주도주증권상장지수투자신탁(주식),E8662,K55232E86629,
규칙적중,NH-AmundiHANARO원자력iSelect증권상장지수투자신탁(주식),DU847,K55232DU8475,
규칙적중,NH-AmundiHANARO유럽방산증권상장지수투자신탁[주식],EM212,K55232EM2121,
규칙적중,NH-AmundiHANARO유로존국채25년플러스증권상장지수투자신탁[채권-파생형](합성H),E2601,K55232E26013,
규칙적중,NH-AmundiHANARO전력설비투자증권상장지수투자신탁(주식),EE134,K55232EE1347,
규칙적중,NH-AmundiHANARO종합채권(AA-이상)액티브증권상장지수투자신탁(채권),E2883,K55232E28837,
규칙적중,NH-AmundiHANARO주주가치성장코리아액티브증권상장지수투자신탁(주식),EB731,K55232EB7313,
규칙적중,NH-AmundiHANARO중기종합채권(A-이상)액티브증권상장지수투자신탁[채권],EV436,K55232EV4365,
규칙적중,NH-AmundiHANARO증권고배당TOP3플러스증권상장지수투자신탁[주식],EP407,K55232EP4074,
규칙적중,NH-AmundiHANARO코리아밸류업증권상장지수투자신탁[주식],EF958,K55232EF9588,
규칙적중,NH-AmundiHANARO코스닥150선물레버리지1.5X증권상장지수투자신탁(주식-파생형),EC380,K55232EC3808,
규칙적중,NH-AmundiHANARO코스닥150선물레버리지증권상장지수투자신탁[주식-파생형],CD698,K55232CD6984,
규칙적중,NH-AmundiHANARO코스닥150증권상장지수투자신탁[주식],CC887,K55232CC8874,
규칙적중,NH-AmundiHANARO탄소효율그린뉴딜증권상장지수투자신탁[주식],DE061,K55232DE0613,
규칙적중,iM에셋아이엠에셋200증권상장지수투자신탁(주식),EH435,K55368EH4351,
규칙적중,교보악사파워K-주주가치액티브증권상장지수투자신탁[주식],EE520,K55207EE5208,
규칙적중,교보악사파워K100증권상장지수투자신탁(주식),A2485,KR5207A24857,
규칙적중,교보악사파워K200증권상장지수투자신탁(주식),A8241,KR5207A82418,
규칙적중,교보악사파워고배당저변동성증권상장지수투자신탁[주식],AN041,KR5207AN0410,
규칙적중,교보악사파워국고채증권상장지수투자신탁(채권),AH156,KR5207AH1564,
규칙적중,교보악사파워단기채증권상장지수투자신탁(채권),B6344,K55207B63444,
규칙적중,교보악사파워스마트밸류증권상장지수투자신탁(주식),BS176,K55207BS1766,
규칙적중,교보악사파워종합채권(AA-이상)액티브증권상장지수투자신탁[채권],EF745,K55207EF7450,
규칙적중,대신DAISHINAI반도체&인프라액티브증권상장지수투자신탁[주식],EA934,K55203EA9349,
규칙적중,대신DAISHINK200증권상장지수투자신탁[주식],DT110,K55203DT1106,
규칙적중,대신DAISHIN금융&지주고배당증권상장지수투자신탁[주식],ET631,K55203ET6310,
규칙적중,대신DAISHIN오피스리츠플러스부동산상장지수투자신탁[재간접형],EP750,K55203EP7502,
규칙적중,대신GIANT현대차그룹증권상장지수형투자신탁[주식],89251,KR5203892512,
규칙적중,더제이더제이중소형포커스액티브증권상장지수투자신탁[주식],EK824,K553H6EK8245,
규칙적중,동양FIRST스타우량상장지수증권투자신탁(주식),90358,KR5107903589,
규칙적중,디에스DS코스닥액티브증권상장지수투자신탁[주식],EX371,K553F0EX3712,
규칙적중,마이다스MIDAS머니마켓액티브증권상장지수투자신탁(채권),EY267,K55303EY2675,
규칙적중,마이다스MIDAS바이오헬스케어액티브증권상장지수투자신탁(주식),EX578,K55303EX5786,
규칙적중,마이다스MIDAS일본테크액티브증권상장지수투자신탁(주식),EC855,K55303EC8553,
규칙적중,마이다스MIDAS중소형액티브증권상장지수투자신탁(주식),DW369,K55303DW3692,
규칙적중,마이다스MIDAS코스닥액티브증권상장지수투자신탁(주식),EV241,K55303EV2413,
규칙적중,마이다스MIDAS코스피액티브증권상장지수투자신탁(주식),DM797,K55303DM7976,
규칙적중,마이다스코스피200커버드콜5%OTM증권상장지수투자신탁(주식),97810,KR5303978104,
규칙적중,미래에셋TIGER12월만기자동연장금융채(AA-이상)액티브증권상장지수투자신탁(채권),EP663,K55301EP6638,
규칙적중,미래에셋TIGER200IT레버리지증권상장지수투자신탁(주식-파생형),BD468,K55301BD4689,
규칙적중,미래에셋TIGER200IT증권상장지수투자신탁(주식),A1806,KR5225A18067,
규칙적중,미래에셋TIGER200TotalReturn증권상장지수투자신탁(주식),CG520,K55301CG5203,
규칙적중,미래에셋TIGER200건설증권상장지수투자신탁(주식),A1801,KR5225A18018,
규칙적중,미래에셋TIGER200경기소비재증권상장지수투자신탁(주식),A1802,KR5225A18026,
규칙적중,미래에셋TIGER200금융증권상장지수투자신탁(주식),A1803,KR5225A18034,
규칙적중,미래에셋TIGER200동일가중증권상장지수투자신탁(주식),BG711,K55301BG7119,
규칙적중,미래에셋TIGER200산업재증권상장지수투자신탁(주식),B6990,K55301B69905,
규칙적중,미래에셋TIGER200생활소비재증권상장지수투자신탁(주식),B6991,K55301B69913,
규칙적중,미래에셋TIGER200선물레버리지증권상장지수투자신탁(주식-파생형),BO023,K55301BO0239,
규칙적중,미래에셋TIGER200선물인버스2X증권상장지수투자신탁(주식-파생형),BH036,K55301BH0360,
규칙적중,미래에셋TIGER200에너지화학레버리지증권상장지수투자신탁(주식-파생형),BD469,K55301BD4697,
규칙적중,미래에셋TIGER200에너지화학증권상장지수투자신탁(주식),A1804,KR5225A18042,
규칙적중,미래에셋TIGER200중공업증권상장지수투자신탁(주식),A1808,KR5225A18083,
규칙적중,미래에셋TIGER200증권상장지수투자신탁(주식),81271,KR5225812712,
규칙적중,미래에셋TIGER200철강소재증권상장지수투자신탁(주식),A1809,KR5225A18091,
규칙적중,미래에셋TIGER200커뮤니케이션서비스증권상장지수투자신탁(주식),CI870,K55301CI8700,
규칙적중,미래에셋TIGER200커버드콜OTM증권상장지수투자신탁(주식-파생형),AC668,KR5301AC6688,
규칙적중,미래에셋TIGER200커버드콜증권상장지수투자신탁(주식-파생형),C2580,K55301C25806,
규칙적중,미래에셋TIGER200타겟위클리커버드콜증권상장지수투자신탁(주식),EN641,K55301EN6416,
규칙적중,미래에셋TIGER200헬스케어증권상장지수투자신탁(주식),B6989,K55301B69897,
규칙적중,미래에셋TIGER23-12국공채액티브증권상장지수투자신탁(채권),DY543,K55301DY5432,
규칙적중,미래에셋TIGER24-04회사채(A+이상)액티브증권상장지수투자신탁(채권),DZ968,K55301DZ9680,
규칙적중,미래에셋TIGER24-10회사채(A+이상)액티브증권상장지수투자신탁(채권),DY662,K55301DY6620,
규칙적중,미래에셋TIGER24-12금융채(AA-이상)증권상장지수투자신탁(채권),E6681,K55301E66814,
규칙적중,미래에셋TIGER25-10회사채(A+이상)액티브증권상장지수투자신탁(채권),DZ967,K55301DZ9672,
규칙적중,미래에셋TIGER25-12금융채(AA-이상)증권상장지수투자신탁(채권),EE972,K55301EE9726,
규칙적중,미래에셋TIGER26-04회사채(A+이상)액티브증권상장지수투자신탁(채권),EG511,K55301EG5110,
규칙적중,미래에셋TIGER27-04회사채(A+이상)액티브증권상장지수투자신탁(채권),E9995,K55301E99955,
규칙적중,미래에셋TIGER28-04회사채(A+이상)액티브증권상장지수투자신탁(채권),EM501,K55301EM5013,
규칙적중,미래에셋TIGER2차전지TOP10레버리지증권상장지수투자신탁(주식-파생형),DN913,K55301DN9130,
규칙적중,미래에셋TIGER2차전지TOP10증권상장지수투자신탁(주식),DA555,K55301DA5554,
규칙적중,미래에셋TIGER2차전지소재Fn증권상장지수투자신탁(주식),E3441,K55301E34416,
규칙적중,미래에셋TIGER2차전지테마증권상장지수투자신탁(주식),CC852,K55301CC8524,
규칙적중,미래에셋TIGERAI반도체핵심공정증권상장지수투자신탁(주식),E6827,K55301E68273,
규칙적중,미래에셋TIGERAI코리아그로스액티브증권상장지수투자신탁(주식),D9890,K55301D98900,
규칙적중,미래에셋TIGERBBIG레버리지증권상장지수투자신탁(주식-파생형),DN940,K55301DN9403,
규칙적중,미래에셋TIGERBBIG증권상장지수투자신탁(주식),DA554,K55301DA5547,
규칙적중,미래에셋TIGERCD1년금리액티브증권상장지수투자신탁(채권혼합-파생형)(합성),E8534,K55301E85343,
규칙적중,미래에셋TIGERCD금리투자KIS특별자산상장지수투자신탁(CD-파생형)(합성),D6100,K55301D61007,
규칙적중,미래에셋TIGERCD금리플러스액티브증권상장지수투자신탁(채권혼합-파생형)(합성),EF800,K55301EF8008,
규칙적중,미래에셋TIGERFn메타버스증권상장지수투자신탁(주식),DM992,K55301DM9925,
규칙적중,미래에셋TIGERFn신재생에너지증권상장지수투자신탁(주식),DE737,K55301DE7374,
규칙적중,미래에셋TIGERKEDI혁신기업ESG30증권상장지수투자신탁(주식),DQ021,K55301DQ0219,
규칙적중,미래에셋TIGERKOFR금리액티브증권상장지수투자신탁(채권혼합-파생형)(합성),DY120,K55301DY1209,
규칙적중,미래에셋TIGERKRX100증권상장지수투자신탁(주식),57822,KR5225578222,
규칙적중,미래에셋TIGERKRX300레버리지증권상장지수투자신탁(주식-파생형),CF599,K55301CF5998,
규칙적중,미래에셋TIGERKRX300선물인버스증권상장지수투자신탁(주식-파생형),CF617,K55301CF6178,
규칙적중,미래에셋TIGERKRX300증권상장지수투자신탁(주식),C4773,K55301C47735,
규칙적중,미래에셋TIGERKRX금현물특별자산상장지수투자신탁(금),EI480,K55301EI4806,
규칙적중,미래에셋TIGERKRX기후변화솔루션증권상장지수투자신탁(주식),DN645,K55301DN6458,
규칙적중,미래에셋TIGERKTOP30증권상장지수투자신탁(주식),B7361,K55301B73618,
규칙적중,미래에셋TIGERK게임증권상장지수투자신탁(주식),CB330,K55301CB3302,
규칙적중,미래에셋TIGERK방산&우주증권상장지수투자신탁(주식),E3442,K55301E34424,
규칙적중,미래에셋TIGERLG그룹+증권상장지수투자신탁(주식),A0402,KR5225A04026,
규칙적중,미래에셋TIGERMKF배당귀족증권상장지수투자신탁(주식),DX533,K55301DX5334,
규칙적중,미래에셋TIGERMSCIEM레버리지증권상장지수투자신탁(주식혼합-파생형)(합성H),B5270,K55301B52703,
규칙적중,미래에셋TIGERMSCIKOREAESG리더스증권상장지수투자신탁(주식),C2103,K55301C21037,
규칙적중,미래에셋TIGERMSCIKOREAESG유니버설증권상장지수투자신탁(주식),C2102,K55301C21029,
규칙적중,미래에셋TIGERMSCIKOREATotalReturn증권상장지수투자신탁(주식),CG581,K55301CG5815,
규칙적중,미래에셋TIGERMSCIUS리츠부동산상장지수투자신탁(파생형)(합성H),AJ805,KR5301AJ8059,
규칙적중,미래에셋TIGERNVDA-UST커버드콜증권상장지수투자신탁(채권혼합-파생재간접형)(합성),EG521,K55301EG5219,
규칙적중,미래에셋TIGERS&P500레버리지증권상장지수투자신탁(주식혼합-파생형)(합성H),B5268,K55301B52687,
규칙적중,미래에셋TIGERS&P500선물증권상장지수투자신탁(주식-파생형)(H),A4668,KR5225A46688,
규칙적중,미래에셋TIGERS&P500인버스선물증권상장지수투자신탁(주식-파생형)(H),B5267,K55301B52679,
규칙적중,미래에셋TIGERS&P글로벌인프라증권상장지수투자신탁(주식-파생형)(합성),BO546,K55301BO5469,
규칙적중,미래에셋TIGERSK하이닉스단일종목레버리지증권상장지수투자신탁(주식-파생형),EV749,K55301EV7497,
규칙적중,미래에셋TIGERTSMC파운드리밸류체인증권상장지수투자신탁(주식),E0552,K55301E05523,
규칙적중,미래에셋TIGER가격조정증권상장지수투자신탁(주식),B1758,K55301B17581,
규칙적중,미래에셋TIGER가치주증권상장지수투자신탁(주식),72057,KR5225720576,
규칙적중,미래에셋TIGER게임TOP10증권상장지수투자신탁(주식),DA558,K55301DA5588,
규칙적중,미래에셋TIGER경기방어증권상장지수투자신탁(주식),A1810,KR5225A18109,
규칙적중,미래에셋TIGER경기방어혼합증권상장지수투자신탁(채권혼합),BA011,K55301BA0110,
규칙적중,미래에셋TIGER골드선물특별자산상장지수투자신탁[금-파생형](H),CM518,K55301CM5189,
규칙적중,미래에셋TIGER구글밸류체인증권상장지수투자신탁(주식),ER778,K55301ER7782,
규칙적중,미래에셋TIGER구리실물특별자산상장지수투자신탁(금속),AB929,KR5301AB9295,
규칙적중,미래에셋TIGER국고채30년스트립액티브증권상장지수투자신탁(채권),DZ788,K55301DZ7882,
규칙적중,미래에셋TIGER국채3증권상장지수투자신탁(채권),15106,KR5225151061,
규칙적중,미래에셋TIGER국채선물10년인버스증권상장지수투자신탁(채권-파생형),CA913,K55301CA9136,
규칙적중,미래에셋TIGER국채선물3년인버스증권상장지수투자신탁(채권-파생형),CA912,K55301CA9128,
규칙적중,미래에셋TIGER그린증권상장지수투자신탁(주식),99771,KR5225997711,
규칙적중,미래에셋TIGER글로벌AI&로보틱스INDXX증권상장지수투자신탁(주식),E4064,K55301E40645,
규칙적중,미래에셋TIGER글로벌AI사이버보안INDXX증권상장지수투자신탁(주식),DQ223,K55301DQ2231,
규칙적중,미래에셋TIGER글로벌AI액티브증권상장지수투자신탁(주식),E5861,K55301E58613,
규칙적중,미래에셋TIGER글로벌AI전력인프라액티브증권상장지수투자신탁(주식),EE319,K55301EE3190,
규칙적중,미래에셋TIGER글로벌AI플랫폼액티브증권상장지수투자신탁(주식),DP132,K55301DP1325,
규칙적중,미래에셋TIGER글로벌리튬&2차전지SOLACTIVE증권상장지수투자신탁(주식-파생형)(합성),DJ652,K55301DJ6520,
규칙적중,미래에셋TIGER글로벌멀티에셋TIF액티브증권상장지수투자신탁(채권혼합),DW059,K55301DW0591,
규칙적중,미래에셋TIGER글로벌비만치료제TOP2PlusINDXX증권상장지수투자신탁(주식),E8814,K55301E88149,
규칙적중,미래에셋TIGER글로벌온디바이스AI증권상장지수투자신탁(주식),E9769,K55301E97694,
규칙적중,미래에셋TIGER글로벌이노베이션액티브증권상장지수투자신탁(주식-재간접형),DH642,K55301DH6423,
규칙적중,미래에셋TIGER글로벌자율주행&전기차SOLACTIVE증권상장지수투자신탁(주식-파생형),DJ653,K55301DJ6538,
규칙적중,미래에셋TIGER글로벌클라우드컴퓨팅INDXX증권상장지수투자신탁(주식-파생형),DC761,K55301DC7616,
규칙적중,미래에셋TIGER글로벌헬스케어증권상장지수투자신탁(주식-파생형)(합성),BE698,K55301BE6980,
규칙적중,미래에셋TIGER글로벌혁신블루칩TOP10증권상장지수투자신탁(주식),E4006,K55301E40066,
규칙적중,미래에셋TIGER금속선물특별자산상장지수투자신탁(금속-파생형)(H),A1709,KR5225A17093,
규칙적중,미래에셋TIGER금은선물특별자산상장지수투자신탁(금속-파생형)(H),A1711,KR5225A17119,
규칙적중,미래에셋TIGER기술이전바이오액티브증권상장지수투자신탁(주식),EQ378,K55301EQ3782,
규칙적중,미래에셋TIGER나스닥바이오증권상장지수투자신탁(주식),AT794,KR5301AT7943,
규칙적중,미래에셋TIGER농산물선물특별자산상장지수투자신탁(농산물-파생형)(H),98711,KR5225987118,
규칙적중,미래에셋TIGER단기선진국하이일드증권상장지수투자신탁(채권-파생형)(합성H),AK467,KR5301AK4675,
규칙적중,미래에셋TIGER단기채권액티브증권상장지수투자신탁(채권),BR479,K55301BR4790,
규칙적중,미래에셋TIGER단기통안채증권상장지수투자신탁(채권),AA483,KR5301AA4834,
규칙적중,미래에셋TIGER대만증권상장지수투자신탁(주식-파생형)(H),BH632,K55301BH6326,
규칙적중,미래에셋TIGER대형가치증권상장지수투자신탁(주식),C4747,K55301C47479,
규칙적중,미래에셋TIGER대형성장증권상장지수투자신탁(주식),C4748,K55301C47487,
규칙적중,미래에셋TIGER라틴증권상장지수투자신탁(주식),84474,KR5225844749,
규칙적중,미래에셋TIGER레버리지증권상장지수투자신탁(주식-파생형),22015,KR5225220155,
규칙적중,미래에셋TIGER로우볼증권상장지수투자신탁(주식),AH811,KR5301AH8119,
규칙적중,미래에셋TIGER리츠부동산인프라TOP10액티브부동산상장지수투자신탁(재간접형),EL486,K55301EL4868,
규칙적중,미래에셋TIGER리츠부동산인프라채권부동산상장지수투자신탁(재간접형),CY073,K55301CY0731,
규칙적중,미래에셋TIGER리츠부동산인프라혼합자산상장지수투자신탁(재간접형),CS739,K55301CS7395,
규칙적중,미래에셋TIGER리츠인프라10채권액티브증권상장지수투자신탁(채권혼합-재간접형),EL727,K55301EL7275,
규칙적중,미래에셋TIGER머니마켓액티브증권상장지수투자신탁(채권),EI242,K55301EI2420,
규칙적중,미래에셋TIGER모닝스타글로벌4차산업혁신기술증권상장지수투자신탁(주식-파생형)(합성H),BS281,K55301BS2819,
규칙적중,미래에셋TIGER모닝스타글로벌자원생산기업증권상장지수투자신탁(주식-파생형)(합성H),BS282,K55301BS2827,
규칙적중,미래에셋TIGER모멘텀증권상장지수투자신탁(주식),A6519,KR5225A65191,
규칙적중,미래에셋TIGER미국30년국채스트립액티브증권상장지수투자신탁(채권-파생형)(합성H),E1567,K55301E15670,
규칙적중,미래에셋TIGER미국30년국채커버드콜액티브증권상장지수투자신탁(채권-재간접형)(H),E8810,K55301E88107,
규칙적중,미래에셋TIGER미국AI데이터센터TOP4Plus증권상장지수투자신탁(주식),EQ298,K55301EQ2982,
규칙적중,미래에셋TIGER미국AI반도체팹리스증권상장지수투자신탁(주식),EE267,K55301EE2671,
규칙적중,미래에셋TIGER미국AI빅테크10증권상장지수투자신탁(주식),ED324,K55301ED3241,
규칙적중,미래에셋TIGER미국AI빅테크10타겟데일리커버드콜증권상장지수투자신탁(주식),ED328,K55301ED3282,
규칙적중,미래에셋TIGER미국AI소프트웨어TOP4Plus증권상장지수투자신탁(주식),EM552,K55301EM5526,
규칙적중,미래에셋TIGER미국AI전력SMR증권상장지수투자신탁(주식),EO863,K55301EO8635,
규칙적중,미래에셋TIGER미국S&P500동일가중증권상장지수투자신탁(주식),EC306,K55301EC3069,
규칙적중,미래에셋TIGER미국S&P500미국채혼합50증권상장지수투자신탁(채권혼합),EY087,K55301EY0879,
규칙적중,미래에셋TIGER미국S&P500배당귀족증권상장지수투자신탁(주식),DS706,K55301DS7063,
규칙적중,미래에셋TIGER미국S&P500증권상장지수투자신탁(주식),D7919,K55301D79199,
규칙적중,미래에셋TIGER미국S&P500증권상장지수투자신탁(주식-파생형)(H),DY661,K55301DY6612,
규칙적중,미래에셋TIGER미국S&P500타겟데일리커버드콜증권상장지수투자신탁(주식),EB023,K55301EB0231,
규칙적중,미래에셋TIGER미국나스닥100ETF선물증권상장지수투자신탁(주식-파생형),EB073,K55301EB0736,
규칙적중,미래에셋TIGER미국나스닥100레버리지증권상장지수투자신탁(주식혼합-파생형)(합성),DQ357,K55301DQ3577,
규칙적중,미래에셋TIGER미국나스닥100증권상장지수투자신탁(주식),65208,KR5225652084,
규칙적중,미래에셋TIGER미국나스닥100증권상장지수투자신탁(주식-파생형)(H),DY576,K55301DY5762,
규칙적중,미래에셋TIGER미국나스닥100채권혼합50증권상장지수투자신탁(채권혼합),DU492,K55301DU4926,
규칙적중,미래에셋TIGER미국나스닥100커버드콜증권상장지수투자신탁(주식-파생형)(합성),DX040,K55301DX0400,
규칙적중,미래에셋TIGER미국나스닥100타겟데일리커버드콜증권상장지수투자신탁(주식),EB557,K55301EB5578,
규칙적중,미래에셋TIGER미국나스닥넥스트100증권상장지수투자신탁(주식),DT242,K55301DT2428,
규칙적중,미래에셋TIGER미국다우존스30증권상장지수투자신탁(주식-파생형),BD885,K55301BD8854,
규칙적중,미래에셋TIGER미국달러SOFR금리액티브특별자산상장지수투자신탁(금리-파생형)(합성),E1706,K55301E17064,
규칙적중,미래에셋TIGER미국달러단기채권액티브증권상장지수투자신탁(채권-파생형),CR634,K55301CR6349,
규칙적중,미래에셋TIGER미국달러선물레버리지특별자산상장지수투자신탁(달러-파생형),BK236,K55301BK2361,
규칙적중,미래에셋TIGER미국달러선물인버스2X특별자산상장지수투자신탁(달러-파생형),BK234,K55301BK2346,
규칙적중,미래에셋TIGER미국방산TOP10증권상장지수투자신탁(주식),EE917,K55301EE9171,
규칙적중,미래에셋TIGER미국배당다우존스증권상장지수투자신탁(주식),E2763,K55301E27634,
규칙적중,미래에셋TIGER미국배당다우존스타겟데일리커버드콜증권상장지수투자신탁(주식),EG725,K55301EG7256,
규칙적중,미래에셋TIGER미국배당다우존스타겟커버드콜1호증권상장지수투자신탁(주식-파생형),E2764,K55301E27642,
규칙적중,미래에셋TIGER미국배당다우존스타겟커버드콜2호증권상장지수투자신탁(주식-파생형),E2765,K55301E27659,
규칙적중,미래에셋TIGER미국소비트렌드액티브증권상장지수투자신탁(주식),EH051,K55301EH0516,
규칙적중,미래에셋TIGER미국우주테크증권상장지수투자신탁(주식),ES810,K55301ES8102,
규칙적중,미래에셋TIGER미국채10년선물증권상장지수투자신탁(채권-파생형),CD287,K55301CD2872,
규칙적중,미래에셋TIGER미국초단기(3개월이하)국채증권상장지수투자신탁(채권-재간접형),EI952,K55301EI9524,
규칙적중,미래에셋TIGER미국캐시카우100증권상장지수투자신탁(주식),E4970,K55301E49703,
규칙적중,미래에셋TIGER미국테크NYSE100액티브증권상장지수투자신탁(주식),ES815,K55301ES8151,
규칙적중,미래에셋TIGER미국테크TOP10INDXX증권상장지수투자신탁(주식),DG036,K55301DG0369,
규칙적중,미래에셋TIGER미국테크TOP10INDXX증권상장지수투자신탁(주식)(H),E7318,K55301E73182,
규칙적중,미래에셋TIGER미국테크TOP10채권혼합증권상장지수투자신탁(채권혼합),E7040,K55301E70402,
규칙적중,미래에셋TIGER미국테크TOP10타겟커버드콜증권상장지수투자신탁(주식-파생형),E7942,K55301E79429,
규칙적중,미래에셋TIGER미국투자등급회사채액티브증권상장지수투자신탁(채권)(H),E1569,K55301E15696,
규칙적중,미래에셋TIGER미국필라델피아AI반도체나스닥증권상장지수투자신탁(주식),EF493,K55301EF4932,
규칙적중,미래에셋TIGER미국필라델피아반도체나스닥증권상장지수투자신탁(주식),DF877,K55301DF8777,
규칙적중,미래에셋TIGER미드캡증권상장지수투자신탁(주식),72058,KR5225720584,
규칙적중,미래에셋TIGER미디어컨텐츠증권상장지수투자신탁(주식),B7374,K55301B73741,
규칙적중,미래에셋TIGER바이오TOP10증권상장지수투자신탁(주식),DA556,K55301DA5562,
규칙적중,미래에셋TIGER반도체TOP10레버리지증권상장지수투자신탁(주식-파생형),EC616,K55301EC6161,
규칙적중,미래에셋TIGER반도체TOP10증권상장지수투자신탁(주식),DL240,K55301DL2400,
규칙적중,미래에셋TIGER반도체TOP10커버드콜액티브증권상장지수투자신탁(주식-파생형),ES284,K55301ES2840,
규칙적중,미래에셋TIGER반도체증권상장지수투자신탁(주식),57823,KR5225578230,
규칙적중,미래에셋TIGER방송통신증권상장지수투자신탁(주식),73403,KR5225734031,
규칙적중,미래에셋TIGER배당성장증권상장지수투자신탁(주식),AX736,KR5301AX7368,
규칙적중,미래에셋TIGER배당커버드콜액티브증권상장지수투자신탁(주식),DY904,K55301DY9046,
규칙적중,미래에셋TIGER베타플러스증권상장지수투자신탁(주식),AE221,KR5301AE2214,
규칙적중,미래에셋TIGER브릭스증권상장지수투자신탁(주식),84475,KR5225844756,
규칙적중,미래에셋TIGER블루칩30증권상장지수투자신탁(주식),A1666,KR5225A16665,
규칙적중,미래에셋TIGER삼성그룹증권상장지수투자신탁(주식),A0184,KR5225A01840,
규칙적중,미래에셋TIGER삼성전자SK하이닉스미국채혼합50증권상장지수투자신탁(채권혼합),EW266,K55301EW2661,
규칙적중,미래에셋TIGER삼성전자단일종목레버리지증권상장지수투자신탁(주식-파생형),EV750,K55301EV7505,
규칙적중,미래에셋TIGER생활필수품증권상장지수투자신탁(주식),A8065,KR5225A80653,
규칙적중,미래에셋TIGER소프트웨어증권상장지수투자신탁(주식),AA126,KR5301AA1269,
규칙적중,미래에셋TIGER여행레저증권상장지수투자신탁(주식),B7375,K55301B73758,
규칙적중,미래에셋TIGER우량가치증권상장지수투자신탁(주식),B6992,K55301B69921,
규칙적중,미래에셋TIGER우량회사채액티브증권상장지수투자신탁(채권),DW060,K55301DW0609,
규칙적중,미래에셋TIGER우선주증권상장지수투자신탁(주식),BJ447,K55301BJ4477,
규칙적중,미래에셋TIGER원유선물특별자산상장지수투자신탁(원유-파생형)(H),28794,KR5225287949,
규칙적중,미래에셋TIGER원유인버스선물특별자산상장지수투자신탁(원유-파생형)(H),B1756,K55301B17565,
규칙적중,미래에셋TIGER유로스탁스50레버리지증권상장지수투자신탁(주식혼합-파생형)(합성H),B5269,K55301B52695,
규칙적중,미래에셋TIGER유로스탁스50증권상장지수투자신탁(주식-파생형)(합성H),AR603,KR5301AR6038,
규칙적중,미래에셋TIGER유로스탁스배당30증권상장지수투자신탁(주식-파생형),BD886,K55301BD8862,
규칙적중,미래에셋TIGER은액티브특별자산상장지수투자신탁(은-재간접형),ET006,K55301ET0066,
규칙적중,미래에셋TIGER은행고배당플러스TOP10증권상장지수투자신탁(주식),E6159,K55301E61591,
규칙적중,미래에셋TIGER은행증권상장지수투자신탁(주식),57824,KR5225578248,
규칙적중,미래에셋TIGER의료기기증권상장지수투자신탁(주식),CC205,K55301CC2055,
규칙적중,미래에셋TIGER인도니프티50증권상장지수투자신탁(주식-파생형),E0556,K55301E05564,
규칙적중,미래에셋TIGER인도레버리지증권상장지수투자신탁(주식혼합-파생형)(합성),B9689,K55301B96890,
규칙적중,미래에셋TIGER인도빌리언컨슈머증권상장지수투자신탁(주식),E9897,K55301E98973,
규칙적중,미래에셋TIGER인버스국채3Y증권상장지수투자신탁(채권-파생형),A4518,KR5225A45185,
규칙적중,미래에셋TIGER인버스증권상장지수투자신탁(주식-파생형),22013,KR5225220130,
규칙적중,미래에셋TIGER인터넷TOP10증권상장지수투자신탁(주식),DA557,K55301DA5570,
규칙적중,미래에셋TIGER일본니케이225증권상장지수투자신탁(주식-파생형),BB367,K55301BB3675,
규칙적중,미래에셋TIGER일본반도체FACTSET증권상장지수투자신탁(주식),E4940,K55301E49406,
규칙적중,미래에셋TIGER일본엔선물레버리지특별자산상장지수투자신탁(엔-파생형),C5943,K55301C59433,
규칙적중,미래에셋TIGER일본엔선물인버스2X특별자산상장지수투자신탁(엔-파생형),C5945,K55301C59458,
규칙적중,미래에셋TIGER일본엔선물인버스특별자산상장지수투자신탁(엔-파생형),C5944,K55301C59441,
규칙적중,미래에셋TIGER일본엔선물특별자산상장지수투자신탁(엔-파생형),C5942,K55301C59425,
규칙적중,미래에셋TIGER일본증권상장지수투자신탁(주식-파생형)(합성H),AR604,KR5301AR6046,
규칙적중,미래에셋TIGER일본헬스케어증권상장지수투자신탁(주식-파생형)(합성),BE697,K55301BE6972,
규칙적중,미래에셋TIGER자동차증권상장지수투자신탁(주식),A8066,KR5225A80661,
규칙적중,미래에셋TIGER적격TDF2045증권상장지수투자신탁(주식혼합),EH735,K55301EH7354,
규칙적중,미래에셋TIGER조선TOP10증권상장지수투자신탁(주식),EE969,K55301EE9692,
규칙적중,미래에셋TIGER종합채권(AA-이상)액티브증권상장지수투자신탁(채권),DZ746,K55301DZ7460,
규칙적중,미래에셋TIGER중국소비테마증권상장지수투자신탁(주식),A7508,KR5225A75083,
규칙적중,미래에셋TIGER중기종합채권(A-이상)액티브증권상장지수투자신탁(채권형),EV029,K55301EV0294,
규칙적중,미래에셋TIGER중소형가치증권상장지수투자신탁(주식),C4749,K55301C47495,
규칙적중,미래에셋TIGER중소형성장증권상장지수투자신탁(주식),C4751,K55301C47511,
규칙적중,미래에셋TIGER중소형증권상장지수투자신탁(주식),C4752,K55301C47529,
규칙적중,미래에셋TIGER중장기국채선물인버스2X증권상장지수투자신탁(채권-파생형),CA911,K55301CA9110,
규칙적중,미래에셋TIGER중장기국채선물인버스증권상장지수투자신탁(채권-파생형),CA910,K55301CA9102,
규칙적중,미래에셋TIGER중장기국채증권상장지수투자신탁(채권-파생형),CA909,K55301CA9094,
규칙적중,미래에셋TIGER증권증권상장지수투자신탁(주식),AA125,KR5301AA1251,
규칙적중,미래에셋TIGER지속배당증권상장지수투자신탁(주식),BM974,K55301BM9745,
규칙적중,미래에셋TIGER지주회사증권상장지수투자신탁(주식),CC206,K55301CC2063,
규칙적중,미래에셋TIGER차이나AI소프트웨어증권상장지수투자신탁(주식),EK593,K55301EK5932,
규칙적중,미래에셋TIGER차이나CSI300레버리지증권상장지수투자신탁(주식혼합-파생재간접형)(합성),AU908,KR5301AU9086,
규칙적중,미래에셋TIGER차이나CSI300인버스증권상장지수투자신탁(채권혼합-파생형)(합성),B1757,K55301B17573,
규칙적중,미래에셋TIGER차이나CSI300증권상장지수자투자신탁(주식-파생형),AL975,KR5301AL9756,
규칙적중,미래에셋TIGER차이나HSCEI증권상장지수투자신탁(주식-파생형),BD887,K55301BD8870,
규칙적중,미래에셋TIGER차이나과창판STAR50증권상장지수투자신탁(주식-파생형)(합성),DG269,K55301DG2696,
규칙적중,미래에셋TIGER차이나글로벌리더스TOP3+증권상장지수투자신탁(주식),EL076,K55301EL0767,
규칙적중,미래에셋TIGER차이나바이오테크SOLACTIVE증권상장지수투자신탁(주식-파생형),DC759,K55301DC7590,
규칙적중,미래에셋TIGER차이나반도체FACTSET증권상장지수투자신탁(주식-파생형),DL237,K55301DL2376,
규칙적중,미래에셋TIGER차이나전기차SOLACTIVE증권상장지수투자신탁(주식-파생형),DC760,K55301DC7608,
규칙적중,미래에셋TIGER차이나전기차레버리지증권상장지수투자신탁(주식혼합-파생형)(합성),E1747,K55301E17478,
규칙적중,미래에셋TIGER차이나증권상장지수투자신탁(주식),87411,KR5225874118,
규칙적중,미래에셋TIGER차이나증권증권상장지수투자신탁(주식),EP687,K55301EP6877,
규칙적중,미래에셋TIGER차이나클린에너지SOLACTIVE증권상장지수투자신탁(주식-파생형),DL235,K55301DL2350,
규칙적중,미래에셋TIGER차이나테크TOP10증권상장지수투자신탁(주식),EJ257,K55301EJ2577,
규칙적중,미래에셋TIGER차이나항셍테크레버리지증권상장지수투자신탁(주식혼합-파생형)(합성H),DV890,K55301DV8900,
규칙적중,미래에셋TIGER차이나항셍테크증권상장지수투자신탁(주식),DC849,K55301DC8499,
규칙적중,미래에셋TIGER차이나휴머노이드로봇증권상장지수투자신탁(주식),EK032,K55301EK0321,
규칙적중,미래에셋TIGER코리아AI전력기기TOP3플러스증권상장지수투자신탁(주식),EO313,K55301EO3131,
규칙적중,미래에셋TIGER코리아TOP10증권상장지수투자신탁(주식),C4754,K55301C47545,
규칙적중,미래에셋TIGER코리아배당다우존스위클리커버드콜증권상장지수투자신탁(주식-파생형),EN642,K55301EN6424,
규칙적중,미래에셋TIGER코리아배당다우존스증권상장지수투자신탁(주식),EK113,K55301EK1139,
규칙적중,미래에셋TIGER코리아밸류업증권상장지수투자신탁(주식),EF961,K55301EF9618,
규칙적중,미래에셋TIGER코리아원자력증권상장지수투자신탁(주식),EM468,K55301EM4685,
규칙적중,미래에셋TIGER코리아테크액티브증권상장지수투자신탁(주식),E6823,K55301E68232,
규칙적중,미래에셋TIGER코리아휴머노이드로봇산업증권상장지수투자신탁(주식),EQ339,K55301EQ3394,
규칙적중,미래에셋TIGER코스닥150IT증권상장지수투자신탁(주식),BJ701,K55301BJ7017,
규칙적중,미래에셋TIGER코스닥150레버리지증권상장지수투자신탁(주식-파생형),B8837,K55301B88376,
규칙적중,미래에셋TIGER코스닥150로우볼증권상장지수투자신탁(주식),BO003,K55301BO0031,
규칙적중,미래에셋TIGER코스닥150바이오테크증권상장지수투자신탁(주식),BJ700,K55301BJ7009,
규칙적중,미래에셋TIGER코스닥150인버스증권상장지수투자신탁(주식-파생형),BF117,K55301BF1170,
규칙적중,미래에셋TIGER코스닥150증권상장지수투자신탁(주식),B8423,K55301B84235,
규칙적중,미래에셋TIGER코스닥글로벌증권상장지수투자신탁(주식),E3436,K55301E34366,
규칙적중,미래에셋TIGER코스닥액티브증권상장지수투자신탁(주식),EU526,K55301EU5260,
규칙적중,미래에셋TIGER코스닥프리미어증권상장지수투자신탁(주식),19224,KR5225192248,
규칙적중,미래에셋TIGER코스피고배당증권상장지수투자신탁(주식),AX737,KR5301AX7376,
규칙적중,미래에셋TIGER코스피대형주증권상장지수투자신탁(주식),BV296,K55301BV2962,
규칙적중,미래에셋TIGER코스피중형주증권상장지수투자신탁(주식),BV295,K55301BV2954,
규칙적중,미래에셋TIGER코스피증권상장지수투자신탁(주식),BV292,K55301BV2921,
규칙적중,미래에셋TIGER탄소효율그린뉴딜증권상장지수투자신탁(주식),DE562,K55301DE5626,
규칙적중,미래에셋TIGER테슬라채권혼합Fn증권상장지수투자신탁(채권혼합),DY064,K55301DY0649,
규칙적중,미래에셋TIGER토탈월드스탁액티브증권상장지수투자신탁(주식),EK788,K55301EK7888,
규칙적중,미래에셋TIGER퓨처모빌리티액티브증권상장지수투자신탁(주식),DH514,K55301DH5144,
규칙적중,미래에셋TIGER필라델피아반도체레버리지증권상장지수투자신탁(주식혼합-파생형)(합성),DS314,K55301DS3146,
규칙적중,미래에셋TIGER한중반도체증권상장지수투자신탁(주식-파생형)(합성),DZ099,K55301DZ0994,
규칙적중,미래에셋TIGER한중전기차증권상장지수투자신탁(주식-파생형)(합성),DZ114,K55301DZ1141,
규칙적중,미래에셋TIGER헬스케어증권상장지수투자신탁(주식),A4667,KR5225A46670,
규칙적중,미래에셋TIGER현대차그룹+증권상장지수투자신탁(주식),A0403,KR5225A04034,
규칙적중,미래에셋TIGER화장품증권상장지수투자신탁(주식),B7376,K55301B73766,
규칙적중,미래에셋TIGER화학증권상장지수투자신탁(주식),A8067,KR5225A80679,
규칙적중,미래에셋맵스상장지수사모증권투자신탁1호(주식-재간접형),96494,KR5225964943,
규칙적중,미래에셋맵스상장지수사모증권투자신탁2호(주식-파생재간접형),96495,KR5225964950,
규칙적중,브이아이FOCUS200증권상장지수투자신탁[주식],EN517,K55104EN5177,
규칙적중,브이아이FOCUSAI반도체위클리고정커버드콜증권상장지수투자신탁[주식-파생형],ER115,K55104ER1156,
규칙적중,브이아이FOCUSAI코리아액티브증권상장지수투자신탁[주식],DY684,K55104DY6843,
규칙적중,브이아이FOCUSBABA-UST커버드콜혼합증권상장지수투자신탁[채권혼합-파생재간접형],EL081,K55104EL0816,
규칙적중,브이아이FOCUSESGLeaders150증권상장지수투자신탁[주식],C0316,K55104C03165,
규칙적중,브이아이FOCUSKRX300증권상장지수투자신탁[주식],C4807,K55104C48079,
규칙적중,브이아이FOCUS금융반도체지주채권혼합50액티브증권상장지수투자신탁[채권혼합],EX372,K55104EX3725,
규칙적중,브이아이FOCUS혁신기업액티브증권상장지수투자신탁[주식],DM000,K55104DM0006,
규칙적중,삼성KODEX10년국채선물인버스증권상장지수투자신탁[채권-파생형],AI553,KR5105AI5534,
규칙적중,삼성KODEX10년국채선물증권상장지수투자신탁[채권-파생형],A8138,KR5105A81382,
규칙적중,삼성KODEX15증권상장지수투자신탁[주식],88066,KR5105880664,
규칙적중,삼성KODEX200ESG증권상장지수투자신탁[주식],CX189,K55105CX1894,
규칙적중,삼성KODEX200ITTotalReturn증권상장지수투자신탁[주식],D6710,K55105D67108,
규칙적중,삼성KODEX200TotalReturn증권상장지수투자신탁[주식],BW384,K55105BW3843,
규칙적중,삼성KODEX200exTOP증권상장지수투자신탁[주식],CX053,K55105CX0532,
규칙적중,삼성KODEX200가치저변동증권상장지수투자신탁[주식],B3924,K55105B39242,
규칙적중,삼성KODEX200동일가중증권상장지수투자신탁[주식],BG654,K55105BG6549,
규칙적중,삼성KODEX200롱코스닥150숏선물증권상장지수투자신탁[주식-파생형],D6063,K55105D60632,
규칙적중,삼성KODEX200미국채혼합50증권상장지수투자신탁[채권혼합-파생형],BZ376,K55105BZ3766,
규칙적중,삼성KODEX200선물인버스2X증권상장지수투자신탁[주식-파생형],BG843,K55105BG8438,
규칙적중,삼성KODEX200액티브증권상장지수투자신탁[주식-파생형],EE643,K55105EE6431,
규칙적중,삼성KODEX200중소형증권상장지수투자신탁[주식],B6649,K55105B66492,
규칙적중,삼성KODEX200증권상장지수투자신탁[주식],35288,KR5105352888,
규칙적중,삼성KODEX200커버드콜액티브증권상장지수투자신탁[주식-파생형],EX208,K55105EX2080,
규칙적중,삼성KODEX200타겟위클리커버드콜증권상장지수투자신탁[주식-파생형],EG365,K55105EG3659,
규칙적중,삼성KODEX23-12국고채액티브증권상장지수투자신탁[채권],DX977,K55105DX9771,
규칙적중,삼성KODEX23-12은행채(AA+이상)액티브증권상장지수투자신탁[채권],DX978,K55105DX9789,
규칙적중,삼성KODEX24-12은행채(AA+이상)액티브증권상장지수투자신탁[채권],E5137,K55105E51373,
규칙적중,삼성KODEX25-11은행채(AA-이상)PLUS액티브증권상장지수투자신탁[채권],E8647,K55105E86478,
규칙적중,삼성KODEX25-11회사채(A+이상)액티브증권상장지수투자신탁[채권],E5143,K55105E51431,
규칙적중,삼성KODEX25-12은행채(AAA)액티브증권상장지수투자신탁[채권],ED488,K55105ED4882,
규칙적중,삼성KODEX26-12금융채(AA-이상)액티브증권상장지수투자신탁[채권],EN863,K55105EN8634,
규칙적중,삼성KODEX26-12회사채(AA-이상)액티브증권상장지수투자신탁[채권],E7149,K55105E71496,
규칙적중,삼성KODEX27-12회사채(AA-이상)액티브증권상장지수투자신탁[채권],EG908,K55105EG9086,
규칙적중,삼성KODEX28-12회사채(AA-이상)액티브증권상장지수투자신탁[채권],EN864,K55105EN8642,
규칙적중,삼성KODEX2차전지산업레버리지증권상장지수투자신탁[주식-파생형],E3230,K55105E32308,
규칙적중,삼성KODEX2차전지산업증권상장지수투자신탁[주식],CD420,K55105CD4207,
규칙적중,삼성KODEX2차전지핵심소재10증권상장지수투자신탁[주식],E3229,K55105E32290,
규칙적중,삼성KODEX33-06국고채액티브증권상장지수투자신탁[채권],E1703,K55105E17036,
규칙적중,삼성KODEX3대농산물선물특별자산상장지수투자신탁[농산물-파생형](H),BP438,K55105BP4386,
규칙적중,삼성KODEX53-09국고채액티브증권상장지수투자신탁[채권],E1704,K55105E17044,
규칙적중,삼성KODEXAI반도체TOP2플러스증권상장지수투자신탁[주식],DI537,K55105DI5372,
규칙적중,삼성KODEXAI반도체핵심장비증권상장지수투자신탁[주식],E7148,K55105E71488,
규칙적중,삼성KODEXAI전력핵심설비증권상장지수투자신탁[주식],EC174,K55105EC1749,
규칙적중,삼성KODEXBrazil증권상장지수투자신탁[주식],86022,KR5105860229,
규칙적중,삼성KODEXCD1년금리플러스액티브증권상장지수투자신탁[채권혼합-파생형](합성),E9487,K55105E94878,
규칙적중,삼성KODEXCD금리액티브증권상장지수투자신탁[채권혼합-파생형](합성),E2477,K55105E24776,
규칙적중,삼성KODEXChinaH선물인버스증권상장지수투자신탁[주식-파생형](H),C4643,K55105C46435,
규칙적중,삼성KODEXESG종합채권(A-이상)액티브증권상장지수투자신탁[채권],DR289,K55105DR2899,
규칙적중,삼성KODEXFnKorea50증권상장지수투자신탁[주식],C6575,K55105C65757,
규칙적중,삼성KODEXIT증권상장지수투자신탁(주식),BM563,K55105BM5634,
규칙적중,삼성KODEXK-뉴딜디지털플러스증권상장지수투자신탁[주식],DB290,K55105DB2905,
규칙적중,삼성KODEXKOFR금리액티브특별자산상장지수투자신탁[금리-파생형](합성),DR937,K55105DR9373,
규칙적중,삼성KODEXKRX100상장지수투자신탁,51950,KR5105519502,
규칙적중,삼성KODEXKRX300레버리지증권상장지수투자신탁[주식-파생형],CE604,K55105CE6045,
규칙적중,삼성KODEXKRX300선물인버스증권상장지수투자신탁[주식-파생형],CE605,K55105CE6052,
규칙적중,삼성KODEXKRX300증권상장지수투자신탁[주식형],C5210,K55105C52102,
규칙적중,삼성KODEXKTOP30증권상장지수투자신탁[주식],B7679,K55105B76798,
규칙적중,삼성KODEXK콘텐츠증권상장지수투자신탁[주식],BM562,K55105BM5626,
규칙적중,삼성KODEXMSCIESG유니버설증권상장지수투자신탁[주식형],BZ584,K55105BZ5845,
규칙적중,삼성KODEXMSCIKOREATotalReturn증권상장지수투자신탁[주식],BW123,K55105BW1235,
규칙적중,삼성KODEXMSCIKOREA증권상장지수투자신탁[주식],AA207,KR5105AA2075,
규칙적중,삼성KODEXMSCI선진국증권상장지수투자신탁[주식],BF726,K55105BF7266,
규칙적중,삼성KODEXS&P500선물증권상장지수투자신탁[주식-파생형](H),B2984,K55105B29847,
규칙적중,삼성KODEXS&P글로벌인프라증권상장지수투자신탁[주식-파생형](합성),BN570,K55105BN5708,
규칙적중,삼성KODEXSGXMSCIEM선물증권상장지수투자신탁[주식-파생형](H),C5208,K55105C52086,
규칙적중,삼성KODEXSK하이닉스단일종목레버리지증권상장지수투자신탁[주식-파생형],EV635,K55105EV6356,
규칙적중,삼성KODEXTRF3070증권상장지수투자신탁[채권혼합],CS127,K55105CS1271,
규칙적중,삼성KODEXTRF5050증권상장지수투자신탁[채권혼합-재간접형],CS126,K55105CS1263,
규칙적중,삼성KODEXTRF7030증권상장지수투자신탁[주식혼합-재간접형],CS125,K55105CS1255,
규칙적중,삼성KODEXTop10동일가중증권상장지수투자신탁[주식],DK201,K55105DK2011,
규칙적중,삼성KODEXTop5PlusTotalReturn증권상장지수투자신탁[주식],CG978,K55105CG9781,
규칙적중,삼성KODEXWTI원유선물인버스특별자산상장지수투자신탁[원유-파생형](H),BP434,K55105BP4345,
규칙적중,삼성KODEXWTI원유선물특별자산상장지수투자신탁[원유-파생형](H),BJ856,K55105BJ8567,
규칙적중,삼성KODEXiShares미국인플레이션국채액티브증권상장지수투자신탁[채권-재간접형],E5709,K55105E57099,
규칙적중,삼성KODEXiShares미국투자등급회사채액티브증권상장지수투자신탁[채권-재간접형],E5707,K55105E57073,
규칙적중,삼성KODEXiShares미국하이일드액티브증권상장지수투자신탁[채권-재간접형],E5708,K55105E57081,
규칙적중,삼성KODEX가치주증권상장지수투자신탁[주식],BQ943,K55105BQ9434,
규칙적중,삼성KODEX가치투자증권상장지수투자신탁[주식],BE619,K55105BE6194,
규칙적중,삼성KODEX건설증권상장지수투자신탁[주식],17150,KR5105171502,
규칙적중,삼성KODEX게임산업증권상장지수투자신탁[주식형],CB060,K55105CB0603,
규칙적중,삼성KODEX경기소비재증권상장지수투자신탁[주식],BM559,K55105BM5592,
규칙적중,삼성KODEX고배당주증권상장지수투자신탁[주식],BW636,K55105BW6366,
규칙적중,삼성KODEX골드선물인버스특별자산상장지수투자신탁[금-파생형](H),BY204,K55105BY2041,
규칙적중,삼성KODEX골드선물특별자산상장지수투자신탁[금-파생형](H),70584,KR5105705846,
규칙적중,삼성KODEX구리선물특별자산상장지수투자신탁[구리-파생형](H),A0889,KR5105A08898,
규칙적중,삼성KODEX국고채10년액티브증권상장지수투자신탁[채권],E6792,K55105E67924,
규칙적중,삼성KODEX국고채30년액티브증권상장지수투자신탁[채권],DV456,K55105DV4568,
규칙적중,삼성KODEX국고채3년증권상장지수투자신탁[채권],14938,KR5105149383,
규칙적중,삼성KODEX국채선물3년인버스증권상장지수투자신탁[채권-파생형],C6040,K55105C60402,
규칙적중,삼성KODEX글로벌로봇증권상장지수투자신탁[주식-파생형](합성),BT649,K55105BT6494,
규칙적중,삼성KODEX글로벌비만치료제TOP2Plus증권상장지수투자신탁[주식],E7934,K55105E79341,
규칙적중,삼성KODEX금액티브특별자산상장지수투자신탁[금-파생재간접형],EK898,K55105EK8983,
규칙적중,삼성KODEX금융고배당TOP10증권상장지수투자신탁[주식],EM270,K55105EM2703,
규칙적중,삼성KODEX금융고배당TOP10타겟위클리커버드콜증권상장지수투자신탁[주식-파생형],EF726,K55105EF7263,
규칙적중,삼성KODEX금융채1~2년(AA-이상)PLUS액티브증권상장지수투자신탁[채권],ER776,K55105ER7764,
규칙적중,삼성KODEX기계장비증권상장지수투자신탁[주식],83785,KR5105837854,
규칙적중,삼성KODEX기후변화솔루션증권상장지수투자신탁[주식],DN446,K55105DN4469,
규칙적중,삼성KODEX단기변동금리부채권액티브증권상장지수투자신탁[채권],BR311,K55105BR3113,
규칙적중,삼성KODEX단기채권PLUS증권상장지수투자신탁[채권],B0024,K55105B00244,
규칙적중,삼성KODEX단기채권증권상장지수투자신탁[채권],A8433,KR5105A84337,
규칙적중,삼성KODEX대만테크고배당다우존스증권상장지수투자신탁[주식],EB391,K55105EB3910,
규칙적중,삼성KODEX레버리지증권상장지수투자신탁[주식-파생형],19115,KR5105191153,
규칙적중,삼성KODEX로봇액티브증권상장지수투자신탁[주식],DW745,K55105DW7453,
규칙적중,삼성KODEX머니마켓액티브증권상장지수투자신탁[채권],EC803,K55105EC8033,
규칙적중,삼성KODEX멀티팩터증권상장지수투자신탁[주식],CX052,K55105CX0524,
규칙적중,삼성KODEX메타버스액티브증권상장지수투자신탁[주식],DM597,K55105DM5970,
규칙적중,삼성KODEX모닝스타멀티에셋하이인컴증권상장지수투자신탁[채권혼합-파생재간접형](H),CK070,K55105CK0701,
규칙적중,삼성KODEX모멘텀PLUS증권상장지수투자신탁[주식],BD055,K55105BD0552,
규칙적중,삼성KODEX모멘텀주증권상장지수투자신탁[주식],BQ940,K55105BQ9400,
규칙적중,삼성KODEX미국10년국채선물증권상장지수투자신탁[채권-파생형],CF263,K55105CF2639,
규칙적중,삼성KODEX미국10년국채액티브증권상장지수투자신탁[채권-재간접형](H),EM271,K55105EM2711,
규칙적중,삼성KODEX미국30년국채액티브증권상장지수투자신탁[채권-재간접형](H),EB559,K55105EB5592,
규칙적중,삼성KODEX미국30년국채울트라선물인버스증권상장지수투자신탁[채권-파생형](H),CD021,K55105CD0213,
규칙적중,삼성KODEX미국30년국채울트라선물증권상장지수투자신탁[채권-파생형](H),CD007,K55105CD0072,
규칙적중,삼성KODEX미국30년국채타겟커버드콜증권상장지수투자신탁[채권-파생형](합성H),EA079,K55105EA0792,
규칙적중,삼성KODEX미국AI광통신네트워크증권상장지수투자신탁[주식],ES611,K55105ES6112,
규칙적중,삼성KODEX미국AI메모리TOP2플러스증권상장지수투자신탁[주식],EY516,K55105EY5165,
규칙적중,삼성KODEX미국AI반도체TOP3플러스증권상장지수투자신탁[주식],EQ848,K55105EQ8482,
규칙적중,삼성KODEX미국AI소프트웨어TOP10증권상장지수투자신탁[주식],EH764,K55105EH7642,
규칙적중,삼성KODEX미국AI전력핵심인프라증권상장지수투자신탁[주식],EC052,K55105EC0527,
규칙적중,삼성KODEX미국AI테크TOP10증권상장지수투자신탁[주식],EB390,K55105EB3902,
규칙적중,삼성KODEX미국AI테크TOP10타겟커버드콜증권상장지수투자신탁[주식-파생형],EA904,K55105EA9041,
규칙적중,삼성KODEX미국CPU반도체TOP10증권상장지수투자신탁[주식],EX419,K55105EX4193,
규칙적중,삼성KODEX미국ETF산업Top10Indxx증권상장지수투자신탁[주식],DS510,K55105DS5107,
규칙적중,삼성KODEX미국S&P500경기소비재증권상장지수투자신탁[주식],DZ652,K55105DZ6528,
규칙적중,삼성KODEX미국S&P500금융증권상장지수투자신탁[주식],DZ653,K55105DZ6536,
규칙적중,삼성KODEX미국S&P500데일리커버드콜OTM증권상장지수투자신탁[주식-파생형],EG195,K55105EG1950,
규칙적중,삼성KODEX미국S&P500배당귀족커버드콜증권상장지수투자신탁[주식-파생형](합성)(H),BT655,K55105BT6551,
규칙적중,삼성KODEX미국S&P500버퍼3월액티브증권상장지수투자신탁[주식-파생형],EH173,K55105EH1736,
규칙적중,삼성KODEX미국S&P500버퍼6월액티브증권상장지수투자신탁[주식-파생형],EL193,K55105EL1938,
규칙적중,삼성KODEX미국S&P500변동성확대시커버드콜증권상장지수투자신탁[주식-파생형],EH399,K55105EH3997,
규칙적중,삼성KODEX미국S&P500산업재증권상장지수투자신탁[주식-파생형](합성),AS639,KR5105AS6399,
규칙적중,삼성KODEX미국S&P500액티브증권상장지수투자신탁[주식],EJ618,K55105EJ6188,
규칙적중,삼성KODEX미국S&P500에너지증권상장지수투자신탁[주식-파생형](합성),B1941,K55105B19418,
규칙적중,삼성KODEX미국S&P500유틸리티증권상장지수투자신탁[주식],E3838,K55105E38388,
규칙적중,삼성KODEX미국S&P500증권상장지수투자신탁[주식],DF732,K55105DF7322,
규칙적중,삼성KODEX미국S&P500증권상장지수투자신탁[주식](H),DY758,K55105DY7584,
규칙적중,삼성KODEX미국S&P500커뮤니케이션증권상장지수투자신탁[주식],E3840,K55105E38404,
규칙적중,삼성KODEX미국S&P500테크놀로지증권상장지수투자신탁[주식],E3839,K55105E38396,
규칙적중,삼성KODEX미국S&P500필수소비재증권상장지수투자신탁[주식],DZ263,K55105DZ2634,
규칙적중,삼성KODEX미국S&P500헬스케어증권상장지수투자신탁[주식],DZ262,K55105DZ2626,
규칙적중,삼성KODEX미국금융테크액티브증권상장지수투자신탁[주식],EI269,K55105EI2691,
규칙적중,삼성KODEX미국나스닥100데일리커버드콜OTM증권상장지수투자신탁[주식-파생형],EE291,K55105EE2919,
규칙적중,삼성KODEX미국나스닥100레버리지증권상장지수투자신탁[주식-파생형](합성H),DO312,K55105DO3122,
규칙적중,삼성KODEX미국나스닥100선물인버스증권상장지수투자신탁[주식-파생형](H),DO326,K55105DO3262,
규칙적중,삼성KODEX미국나스닥100선물증권상장지수투자신탁[주식-파생형](H),CC499,K55105CC4992,
규칙적중,삼성KODEX미국나스닥100증권상장지수투자신탁[주식],DF727,K55105DF7272,
규칙적중,삼성KODEX미국나스닥100증권상장지수투자신탁[주식](H),DY757,K55105DY7576,
규칙적중,삼성KODEX미국나스닥AI테크액티브증권상장지수투자신탁[주식],DO391,K55105DO3916,
규칙적중,삼성KODEX미국달러SOFR금리액티브특별자산상장지수투자신탁[금리-파생형](합성),E1013,K55105E10130,
규칙적중,삼성KODEX미국달러선물레버리지특별자산상장지수투자신탁[미국달러-파생형],BJ859,K55105BJ8591,
규칙적중,삼성KODEX미국달러선물인버스2X특별자산상장지수투자신탁[미국달러-파생형],BJ861,K55105BJ8617,
규칙적중,삼성KODEX미국달러선물인버스특별자산상장지수투자신탁[미국달러-파생형],BJ860,K55105BJ8609,
규칙적중,삼성KODEX미국달러선물특별자산상장지수투자신탁[미국달러-파생형],BJ858,K55105BJ8583,
규칙적중,삼성KODEX미국드론UAMTOP10증권상장지수투자신탁[주식],EP961,K55105EP9614,
규칙적중,삼성KODEX미국러셀2000증권상장지수투자신탁[주식-파생형](H),BX617,K55105BX6175,
규칙적중,삼성KODEX미국머니마켓액티브증권상장지수투자신탁[채권],EK284,K55105EK2846,
규칙적중,삼성KODEX미국반도체증권상장지수투자신탁[주식],DJ026,K55105DJ0265,
규칙적중,삼성KODEX미국배당다우존스증권상장지수투자신탁[주식],EC802,K55105EC8025,
규칙적중,삼성KODEX미국배당다우존스타겟커버드콜증권상장지수투자신탁[주식-파생형],EA858,K55105EA8589,
규칙적중,삼성KODEX미국배당커버드콜S&P액티브증권상장지수투자신탁[주식-파생형],DW274,K55105DW2744,
규칙적중,삼성KODEX미국부동산리츠부동산상장지수투자신탁[REITs-파생재간접형](H),D1556,K55105D15560,
규칙적중,삼성KODEX미국빅테크10증권상장지수투자신탁[주식-파생형](H),CG997,K55105CG9971,
규칙적중,삼성KODEX미국서학개미증권상장지수투자신탁[주식],E6717,K55105E67171,
규칙적중,삼성KODEX미국성장커버드콜액티브증권상장지수투자신탁[주식-파생형],EP960,K55105EP9606,
규칙적중,삼성KODEX미국스마트모빌리티S&P증권상장지수투자신탁[주식],DJ227,K55105DJ2279,
규칙적중,삼성KODEX미국우주항공증권상장지수투자신탁[주식],ES612,K55105ES6120,
규칙적중,삼성KODEX미국원자력SMR증권상장지수투자신탁[주식],EP479,K55105EP4797,
규칙적중,삼성KODEX미국종합채권ESG액티브증권상장지수투자신탁[채권](H),DR478,K55105DR4788,
규칙적중,삼성KODEX미국클린에너지나스닥증권상장지수투자신탁[주식],DK982,K55105DK9826,
규칙적중,삼성KODEX미국테크TOP3플러스증권상장지수투자신탁[주식],EE019,K55105EE0194,
규칙적중,삼성KODEX미국휴머노이드로봇증권상장지수투자신탁[주식],EI838,K55105EI8383,
규칙적중,삼성KODEX바이오증권상장지수투자신탁[주식],BC969,K55105BC9695,
규칙적중,삼성KODEX반도체레버리지증권상장지수투자신탁[주식-파생형],EE874,K55105EE8742,
규칙적중,삼성KODEX반도체증권상장지수투자신탁[주식],57818,KR5105578185,
규칙적중,삼성KODEX반도체타겟위클리커버드콜증권상장지수투자신탁[주식-파생형],EU618,K55105EU6183,
규칙적중,삼성KODEX방산TOP10레버리지증권상장지수투자신탁[주식-파생형],EN038,K55105EN0383,
규칙적중,삼성KODEX방산TOP10증권상장지수투자신탁[주식],EL474,K55105EL4742,
규칙적중,삼성KODEX배당가치증권상장지수투자신탁[주식],CP461,K55105CP4617,
규칙적중,삼성KODEX밸류PLUS증권상장지수투자신탁[주식],BD058,K55105BD0586,
규칙적중,삼성KODEX보험증권상장지수투자신탁[주식],A2364,KR5105A23640,
규칙적중,삼성KODEX삼성그룹밸류증권상장지수투자신탁[주식],AY405,KR5105AY4057,
규칙적중,삼성KODEX삼성그룹주증권상장지수투자신탁[주식],83457,KR5105834570,
규칙적중,삼성KODEX삼성전자SK하이닉스채권혼합50증권상장지수투자신탁[채권혼합],EQ987,K55105EQ9878,
규칙적중,삼성KODEX삼성전자단일종목레버리지증권상장지수투자신탁[주식-파생형],EV634,K55105EV6349,
규칙적중,삼성KODEX삼성전자채권혼합증권상장지수투자신탁[채권혼합],DX979,K55105DX9797,
규칙적중,삼성KODEX성장주증권상장지수투자신탁[주식형],CP460,K55105CP4609,
규칙적중,삼성KODEX성장투자증권상장지수투자신탁[주식],BE620,K55105BE6202,
규칙적중,삼성KODEX소비재증권상장지수투자신탁[주식],97470,KR5105974707,
규칙적중,삼성KODEX신재생에너지액티브증권상장지수투자신탁[주식],DH277,K55105DH2776,
규칙적중,삼성KODEX아시아AI반도체exChina액티브증권상장지수투자신탁[주식],DX991,K55105DX9912,
규칙적중,삼성KODEX아시아달러채권ESG플러스액티브증권상장지수투자신탁[채권],DR477,K55105DR4770,
규칙적중,삼성KODEX에너지화학증권상장지수투자신탁[주식],16669,KR5105166692,
규칙적중,삼성KODEX우량주증권상장지수투자신탁[주식],BQ941,K55105BQ9418,
규칙적중,삼성KODEX운송증권상장지수투자신탁[주식],A2363,KR5105A23632,
규칙적중,삼성KODEX원자력SMR증권상장지수투자신탁[주식],EN039,K55105EN0391,
규칙적중,삼성KODEX웹툰&드라마증권상장지수투자신탁[주식],DI538,K55105DI5380,
규칙적중,삼성KODEX유럽명품TOP10STOXX증권상장지수투자신탁[주식],E1699,K55105E16996,
규칙적중,삼성KODEX유럽탄소배출권선물ICE특별자산상장지수투자신탁[탄소배출권-파생형](H),DL974,K55105DL9742,
규칙적중,삼성KODEX은선물특별자산상장지수투자신탁(은-파생형)(H),A4306,KR5105A43069,
규칙적중,삼성KODEX은행증권상장지수투자신탁[주식],57819,KR5105578193,
규칙적중,삼성KODEX인도Nifty50레버리지증권상장지수투자신탁[주식-파생형](합성),E0068,K55105E00685,
규칙적중,삼성KODEX인도Nifty50증권상장지수투자신탁[주식-파생형],E0026,K55105E00263,
규칙적중,삼성KODEX인도Nifty미드캡100증권상장지수투자신탁[주식-파생형],EG197,K55105EG1976,
규칙적중,삼성KODEX인도타타그룹증권상장지수투자신탁[주식-파생형],E8961,K55105E89613,
규칙적중,삼성KODEX인버스증권상장지수투자신탁[주식-파생형],15213,KR5105152130,
규칙적중,삼성KODEX일본TOPIX100증권상장지수투자신탁[주식],79783,KR5105797835,
규칙적중,삼성KODEX일본부동산리츠부동산상장지수투자신탁[REITs-파생재간접형](H),D1557,K55105D15578,
규칙적중,삼성KODEX자동차증권상장지수투자신탁[주식],57817,KR5105578177,
규칙적중,삼성KODEX자율주행액티브증권상장지수투자신탁[주식],DH278,K55105DH2784,
규칙적중,삼성KODEX장기종합채권(AA-이상)액티브증권상장지수투자신탁[채권],D7916,K55105D79160,
규칙적중,삼성KODEX적격TDF2030액티브증권상장지수투자신탁[채권혼합-재간접형],DT535,K55105DT5353,
규칙적중,삼성KODEX적격TDF2040액티브증권상장지수투자신탁[주식혼합-재간접형],DT536,K55105DT5361,
규칙적중,삼성KODEX적격TDF2050액티브증권상장지수투자신탁[주식혼합-재간접형],DT537,K55105DT5379,
규칙적중,삼성KODEX적격TDF2060액티브증권상장지수투자신탁[주식혼합-재간접형],EI447,K55105EI4473,
규칙적중,삼성KODEX전고체배터리ESSTOP2플러스증권상장지수투자신탁[주식],EW245,K55105EW2453,
규칙적중,삼성KODEX조선TOP10증권상장지수투자신탁[주식],EM892,K55105EM8924,
규칙적중,삼성KODEX종합채권(AA-이상)액티브증권상장지수투자신탁[채권],BR083,K55105BR0838,
규칙적중,삼성KODEX주식&골드선물(H)혼합자산상장지수투자신탁[혼합자산-파생형],AC417,KR5105AC4178,
규칙적중,삼성KODEX주주환원고배당주증권상장지수투자신탁[주식],EQ849,K55105EQ8490,
규칙적중,삼성KODEX증권주증권상장지수투자신탁[주식],83784,KR5105837847,
규칙적중,삼성KODEX차이나2차전지MSCI증권상장지수투자신탁[주식-파생형](합성),DQ025,K55105DQ0258,
규칙적중,삼성KODEX차이나AI반도체TOP10증권상장지수투자신탁[주식],ER777,K55105ER7772,
규칙적중,삼성KODEX차이나AI테크액티브증권상장지수투자신탁[주식],DS508,K55105DS5081,
규칙적중,삼성KODEX차이나CSI300증권상장지수투자신탁[주식-파생형],BZ261,K55105BZ2610,
규칙적중,삼성KODEX차이나FTSEChinaA50증권상장지수자투자신탁[주식-파생형],AE572,KR5105AE5728,
규칙적중,삼성KODEX차이나H레버리지증권상장지수투자신탁[주식-파생형](H),AV018,KR5105AV0181,
규칙적중,삼성KODEX차이나H증권상장지수투자신탁[주식],74593,KR5105745933,
규칙적중,삼성KODEX차이나과창판STAR50증권상장지수투자신탁[주식-파생형](합성),DF013,K55105DF0137,
규칙적중,삼성KODEX차이나심천ChiNext증권상장지수투자신탁[주식-파생형](합성),BI673,K55105BI6737,
규칙적중,삼성KODEX차이나테크TOP10증권상장지수투자신탁[주식],EK899,K55105EK8991,
규칙적중,삼성KODEX차이나항셍테크증권상장지수투자신탁[주식],DB918,K55105DB9181,
규칙적중,삼성KODEX차이나휴머노이드로봇증권상장지수투자신탁[주식],EJ551,K55105EJ5511,
규칙적중,삼성KODEX철강증권상장지수투자신탁[주식],17151,KR5105171510,
규칙적중,삼성KODEX최소변동성증권상장지수투자신탁[주식],BW667,K55105BW6671,
규칙적중,삼성KODEX친환경조선해운액티브증권상장지수투자신탁[주식],DW746,K55105DW7461,
규칙적중,삼성KODEX코리아배당성장증권상장지수투자신탁[주식],AX725,KR5105AX7259,
규칙적중,삼성KODEX코리아배당성장채권혼합증권상장지수투자신탁[채권혼합],B9914,K55105B99147,
규칙적중,삼성KODEX코리아밸류업증권상장지수투자신탁[주식],EF918,K55105EF9186,
규칙적중,삼성KODEX코리아소버린AI증권상장지수투자신탁[주식],EN862,K55105EN8626,
규칙적중,삼성KODEX코리아적격TDF2065액티브증권상장지수투자신탁[주식혼합-재간접형],EY114,K55105EY1149,
규칙적중,삼성KODEX코리아혁신성장액티브증권상장지수투자신탁[주식],DC489,K55105DC4892,
규칙적중,삼성KODEX코스닥150레버리지증권상장지수투자신탁[주식-파생형],B9191,K55105B91912,
규칙적중,삼성KODEX코스닥150롱코스피200숏선물증권상장지수투자신탁[주식-파생형],D6064,K55105D60640,
규칙적중,삼성KODEX코스닥150인버스증권상장지수투자신탁[주식-파생형],BF425,K55105BF4255,
규칙적중,삼성KODEX코스닥150증권상장지수투자신탁[주식],B7460,K55105B74603,
규칙적중,삼성KODEX코스닥글로벌증권상장지수투자신탁[주식],E2259,K55105E22598,
규칙적중,삼성KODEX코스피100증권상장지수투자신탁[주식],B9853,K55105B98537,
규칙적중,삼성KODEX코스피TotalReturn증권상장지수투자신탁[주식],D4182,K55105D41822,
규칙적중,삼성KODEX코스피대형주증권상장지수투자신탁[주식],CX188,K55105CX1886,
규칙적중,삼성KODEX코스피증권상장지수투자신탁[주식],B6290,K55105B62905,
규칙적중,삼성KODEX콩선물특별자산상장지수투자신탁[콩-파생형](H),A0893,KR5105A08930,
규칙적중,삼성KODEX퀄리티PLUS증권상장지수투자신탁[주식],BD057,K55105BD0578,
규칙적중,삼성KODEX탄소효율그린뉴딜증권상장지수투자신탁[주식],DD748,K55105DD7480,
규칙적중,삼성KODEX태양광증권상장지수투자신탁[주식],A4900,KR5105A49009,
규칙적중,삼성KODEX턴어라운드투자증권상장지수투자신탁[주식],BE621,K55105BE6210,
규칙적중,삼성KODEX테슬라밸류체인FactSet증권상장지수투자신탁[주식-파생형],E2238,K55105E22382,
규칙적중,삼성KODEX테슬라커버드콜채권혼합액티브증권상장지수투자신탁[채권혼합-파생형],E7672,K55105E76727,
규칙적중,삼성KODEX필수소비재증권상장지수투자신탁[주식],BM560,K55105BM5600,
규칙적중,삼성KODEX한국대만IT프리미어증권상장지수투자신탁[주식-파생형],C7538,K55105C75384,
규칙적중,삼성KODEX한국부동산리츠인프라부동산상장지수투자신탁[재간접형],E8405,K55105E84051,
규칙적중,삼성KODEX한중반도체증권상장지수투자신탁[주식-파생형](합성),DY861,K55105DY8616,
규칙적중,삼성KODEX한중전기차증권상장지수투자신탁[주식-파생형](합성),DY862,K55105DY8624,
규칙적중,삼성KODEX합성-MSCI독일증권상장지수투자신탁[주식-파생형],AS642,KR5105AS6423,
규칙적중,삼성KODEX합성-미국IT증권상장지수투자신탁[주식-파생형],AS641,KR5105AS6415,
규칙적중,삼성KODEX합성-미국금융증권상장지수투자신탁[주식-파생형],AS640,KR5105AS6407,
규칙적중,삼성KODEX합성-미국바이오테크증권상장지수투자신탁[주식-파생형],AL963,KR5105AL9630,
규칙적중,삼성KODEX헬스케어증권상장지수투자신탁[주식],BM484,K55105BM4843,
규칙적중,삼성KODEX혁신기술테마액티브증권상장지수투자신탁[주식],D9261,K55105D92619,
규칙적중,삼성KODEX현대차로보틱스밸류체인TOP3플러스증권상장지수투자신탁[주식],EV420,K55105EV4203,
규칙적중,삼성액티브KoActAI인프라액티브증권상장지수투자신탁[주식],EC326,K553N9EC3266,
규칙적중,삼성액티브KoActK수출핵심기업TOP30액티브증권상장지수투자신탁[주식],EL077,K553N9EL0774,
규칙적중,삼성액티브KoAct고배당액티브증권상장지수투자신탁[주식],EX631,K553N9EX6314,
규칙적중,삼성액티브KoAct광통신&위성네트워크액티브증권상장지수투자신탁[주식],EV488,K553N9EV4881,
규칙적중,삼성액티브KoAct글로벌AI&로봇액티브증권상장지수투자신탁[주식],E6388,K553N9E63887,
규칙적중,삼성액티브KoAct글로벌AI메모리반도체액티브증권상장지수투자신탁[주식],EU064,K553N9EU0641,
규칙적중,삼성액티브KoAct글로벌K컬처밸류체인액티브증권상장지수투자신탁[주식],EP369,K553N9EP3691,
규칙적중,삼성액티브KoAct글로벌양자컴퓨팅액티브증권상장지수투자신탁[주식],EH953,K553N9EH9532,
규칙적중,삼성액티브KoAct글로벌친환경전력인프라액티브증권상장지수투자신탁[주식],E7492,K553N9E74926,
규칙적중,삼성액티브KoAct미국나스닥성장기업액티브증권상장지수투자신탁[주식],EH565,K553N9EH5654,
규칙적중,삼성액티브KoAct미국나스닥채권혼합50액티브증권상장지수투자신탁[채권혼합],EG142,K553N9EG1423,
규칙적중,삼성액티브KoAct미국로봇피지컬AI액티브증권상장지수투자신탁[주식],ET577,K553N9ET5775,
규칙적중,삼성액티브KoAct미국바이오헬스케어액티브증권상장지수투자신탁[주식],EP396,K553N9EP3964,
규칙적중,삼성액티브KoAct미국천연가스인프라액티브증권상장지수투자신탁[주식],EF555,K553N9EF5557,
규칙적중,삼성액티브KoAct미국치매&뇌질환치료제액티브증권상장지수투자신탁[주식],ED682,K553N9ED6821,
규칙적중,삼성액티브KoAct바이오헬스케어액티브증권상장지수투자신탁[주식],E2749,K553N9E27494,
규칙적중,삼성액티브KoAct반도체&2차전지핵심소재액티브상장지수투자신탁[주식],E9681,K553N9E96812,
규칙적중,삼성액티브KoAct배당성장액티브증권상장지수투자신탁[주식],E8050,K553N9E80501,
규칙적중,삼성액티브KoAct브로드컴밸류체인액티브증권상장지수투자신탁[주식],EJ548,K553N9EJ5488,
규칙적중,삼성액티브KoAct수소전력ESS인프라액티브증권상장지수투자신탁[주식],EQ999,K553N9EQ9994,
규칙적중,삼성액티브KoAct차이나바이오헬스케어액티브증권상장지수투자신탁[주식],EM659,K553N9EM6598,
규칙적중,삼성액티브KoAct코리아밸류업액티브증권상장지수투자신탁[주식],EF946,K553N9EF9468,
규칙적중,삼성액티브KoAct코스닥액티브증권상장지수투자신탁[주식],EU448,K553N9EU4486,
규칙적중,삼성액티브KoAct코스피액티브증권상장지수투자신탁[주식],EU714,K553N9EU7141,
규칙적중,삼성액티브KoAct팔란티어밸류체인액티브증권상장지수투자신탁[주식],EF981,K553N9EF9815,
규칙적중,신한SOL200TOP10증권상장지수투자신탁[주식],DP561,K55210DP5615,
규칙적중,신한SOL200TotalReturn증권상장지수투자신탁[주식],C5424,K55210C54247,
규칙적중,신한SOL200타겟위클리커버드콜증권상장지수투자신탁[주식-파생형],ES715,K55210ES7153,
규칙적중,신한SOL24-06국고채액티브증권상장지수투자신탁[채권],DZ145,K55210DZ1455,
규칙적중,신한SOL24-12회사채(AA-이상)액티브증권상장지수투자신탁[채권],E6714,K55210E67146,
규칙적중,신한SOL25-09회사채(AA-이상)액티브증권상장지수투자신탁[채권],E4269,K55210E42693,
규칙적중,신한SOL26-12회사채(AA-이상)액티브증권상장지수투자신탁[채권],EC960,K55210EC9603,
규칙적중,신한SOL27-12회사채(AA-이상)액티브증권상장지수투자신탁[채권],EM346,K55210EM3463,
규칙적중,신한SOL2차전지소부장Fn증권상장지수투자신탁[주식],E1568,K55210E15681,
규칙적중,신한SOLAI반도체TOP2플러스증권상장지수투자신탁[주식],ES714,K55210ES7146,
규칙적중,신한SOLAI반도체소부장증권상장지수투자신탁[주식],E0996,K55210E09965,
규칙적중,신한SOLCD금리&머니마켓액티브증권상장지수투자신탁[채권],EF727,K55210EF7273,
규칙적중,신한SOLKIS단기통안채증권상장지수투자신탁[채권],D5618,K55210D56182,
규칙적중,신한SOLKRX300증권상장지수투자신탁[주식],C4348,K55210C43489,
규칙적중,신한SOLKRX기후변화솔루션증권상장지수투자신탁[주식],DO170,K55210DO1706,
규칙적중,신한SOLK방산증권상장지수투자신탁[주식],EE074,K55210EE0741,
규칙적중,신한SOLMSCI선진국증권상장지수투자신탁[주식-파생형](합성H),AV256,KR5210AV2569,
규칙적중,신한SOLSK하이닉스단일종목레버리지증권상장지수투자신탁[주식-파생형],EV594,K55210EV5947,
규칙적중,신한SOLSK하이닉스선물단일종목인버스2X증권상장지수투자신탁[주식-파생형],EV596,K55210EV5962,
규칙적중,신한SOL국고채10년증권상장지수투자신탁[채권],DW680,K55210DW6804,
규칙적중,신한SOL국고채30년액티브증권상장지수투자신탁[채권],E7948,K55210E79489,
규칙적중,신한SOL국고채3년증권상장지수투자신탁[채권],DW679,K55210DW6796,
규칙적중,신한SOL국제금커버드콜액티브특별자산상장지수투자신탁[금-파생재간접형],EH014,K55210EH0144,
규칙적중,신한SOL국제금특별자산상장지수투자신탁[금-재간접형],EK716,K55210EK7169,
규칙적중,신한SOL글로벌AI반도체탑픽액티브증권상장지수투자신탁[주식],DS247,K55210DS2478,
규칙적중,신한SOL글로벌탄소배출권선물ICE특별자산상장지수투자신탁[탄소배출권-파생형](합성),DN235,K55210DN2358,
규칙적중,신한SOL금융지주플러스고배당증권상장지수투자신탁[주식],EB472,K55210EB4720,
규칙적중,신한SOL머니마켓액티브증권상장지수투자신탁[채권],EB397,K55210EB3979,
규칙적중,신한SOL미국30년국채액티브증권상장지수투자신탁[채권](H),E4044,K55210E40440,
규칙적중,신한SOL미국30년국채커버드콜증권상장지수투자신탁[채권-파생형](합성),E7644,K55210E76444,
규칙적중,신한SOL미국500타켓데일리커버드콜액티브증권상장지수투자신탁[주식-파생형],EC963,K55210EC9637,
규칙적중,신한SOL미국AI반도체칩메이커증권상장지수투자신탁[주식],E9922,K55210E99222,
규칙적중,신한SOL미국AI소프트웨어증권상장지수투자신탁[주식],EA998,K55210EA9985,
규칙적중,신한SOL미국AI전력인프라증권상장지수투자신탁[주식],EC250,K55210EC2509,
규칙적중,신한SOL미국S&P500ESG증권상장지수투자신탁[주식],DM822,K55210DM8224,
규칙적중,신한SOL미국S&P500미국채혼합50증권상장지수투자신탁[채권혼합],EL732,K55210EL7325,
규칙적중,신한SOL미국S&P500엔화노출증권상장지수투자신탁[주식-파생형](H),EF751,K55210EF7513,
규칙적중,신한SOL미국S&P500증권상장지수투자신탁[주식],DU602,K55210DU6020,
규칙적중,신한SOL미국TOP5채권혼합50증권상장지수투자신탁[채권혼합],DY441,K55210DY4419,
규칙적중,신한SOL미국나스닥100증권상장지수투자신탁[주식],E8811,K55210E88118,
규칙적중,신한SOL미국넥스트테크TOP10액티브증권상장지수투자신탁[주식],EN637,K55210EN6374,
규칙적중,신한SOL미국배당다우존스2호증권상장지수투자신탁[주식],EE807,K55210EE8074,
규칙적중,신한SOL미국배당다우존스증권상장지수투자신탁[주식],DY286,K55210DY2868,
규칙적중,신한SOL미국배당다우존스증권상장지수투자신탁[주식](H),E0628,K55210E06284,
규칙적중,신한SOL미국배당미국채혼합50증권상장지수투자신탁[채권혼합],EE051,K55210EE0519,
규칙적중,신한SOL미국양자컴퓨팅TOP10증권상장지수투자신탁[주식],EE492,K55210EE4925,
규칙적중,신한SOL미국우주항공TOP10증권상장지수투자신탁[주식],ET580,K55210ET5800,
규칙적중,신한SOL미국원자력SMR증권상장지수투자신탁[주식],EJ683,K55210EJ6834,
규칙적중,신한SOL미국테크TOP10인버스증권상장지수투자신탁[주식혼합-파생형](합성),EB001,K55210EB0017,
규칙적중,신한SOL미국테크TOP10증권상장지수투자신탁[주식],EB000,K55210EB0009,
규칙적중,신한SOL반도체전공정증권상장지수투자신탁[주식],E8463,K55210E84638,
규칙적중,신한SOL반도체후공정증권상장지수투자신탁[주식],E8464,K55210E84646,
규칙적중,신한SOL배당성향탑픽액티브증권상장지수투자신탁[주식],ER514,K55210ER5141,
규칙적중,신한SOL우주항공밸류체인증권상장지수투자신탁[주식],EV777,K55210EV7778,
규칙적중,신한SOL유럽탄소배출권선물S&P특별자산상장지수투자신탁[탄소배출권-파생형](H),DN234,K55210DN2341,
규칙적중,신한SOL유럽탄소배출권선물인버스ICE특별자산상장지수투자신탁[탄소배출권-파생형](H),E2698,K55210E26985,
규칙적중,신한SOL의료기기소부장Fn증권상장지수투자신탁[주식],E4855,K55210E48559,
규칙적중,신한SOL자동차TOP3플러스증권상장지수투자신탁[주식],E5771,K55210E57717,
규칙적중,신한SOL자동차소부장Fn증권상장지수투자신탁[주식],E4860,K55210E48609,
규칙적중,신한SOL전고체배터리&실리콘음극재증권상장지수투자신탁[주식],EG440,K55210EG4402,
규칙적중,신한SOL조선TOP3플러스레버리지증권상장지수투자신탁[주식-파생형],EL741,K55210EL7416,
규칙적중,신한SOL조선TOP3플러스증권상장지수투자신탁[주식],E5772,K55210E57725,
규칙적중,신한SOL조선기자재증권상장지수투자신탁[주식],EQ303,K55210EQ3030,
규칙적중,신한SOL종합채권(AA-이상)액티브증권상장지수투자신탁[채권],DV591,K55210DV5914,
규칙적중,신한SOL중기종합채권(AA-이상)액티브증권상장지수투자신탁[채권],EQ305,K55210EQ3055,
규칙적중,신한SOL중단기회사채(A-이상)액티브증권상장지수투자신탁[채권],EH577,K55210EH5770,
규칙적중,신한SOL차이나강소기업CSI500증권상장지수투자신탁(주식-파생형)(합성H),B2170,K55210B21701,
규칙적중,신한SOL차이나소비트렌드증권상장지수투자신탁[주식],EP503,K55210EP5036,
규칙적중,신한SOL차이나육성산업액티브증권상장지수투자신탁[주식혼합-파생형](합성),DQ349,K55210DQ3494,
규칙적중,신한SOL차이나태양광CSI증권상장지수투자신탁[주식혼합-파생형](합성),DP748,K55210DP7488,
규칙적중,신한SOL초단기채권액티브증권상장지수투자신탁[채권],E6716,K55210E67161,
규칙적중,신한SOL코리아고배당증권상장지수투자신탁[주식],EN549,K55210EN5491,
규칙적중,신한SOL코리아메가테크액티브증권상장지수투자신탁[주식],DX693,K55210DX6936,
규칙적중,신한SOL코리아밸류업TotalReturn증권상장지수투자신탁[주식],EF955,K55210EF9550,
규칙적중,신한SOL코스닥150증권상장지수투자신탁[주식],DZ445,K55210DZ4459,
규칙적중,신한SOL코스닥TOP10증권상장지수투자신탁[주식],EU998,K55210EU9981,
규칙적중,신한SOL코스피200채권혼합50증권상장지수투자신탁[채권혼합],EU964,K55210EU9643,
규칙적중,신한SOL팔란티어미국채커버드콜혼합증권상장지수투자신탁[채권혼합-파생재간접형],EI924,K55210EI9243,
규칙적중,신한SOL팔란티어커버드콜OTM채권혼합증권상장지수투자신탁[채권혼합-파생형],EI925,K55210EI9250,
규칙적중,신한SOL한국AI소프트웨어증권상장지수투자신탁[주식],EN591,K55210EN5913,
규칙적중,신한SOL한국원자력SMR증권상장지수투자신탁[주식],EM315,K55210EM3158,
규칙적중,신한SOL한국형글로벌전기차&2차전지액티브증권상장지수투자신탁[주식],DU041,K55210DU0411,
규칙적중,신한SOL한국형글로벌플랫폼&메타버스액티브증권상장지수투자신탁[주식],DU042,K55210DU0429,
규칙적중,신한SOL화장품TOP3플러스증권상장지수투자신탁[주식],EG903,K55210EG9039,
규칙적중,에셋플러스에셋플러스글로벌다이나믹시니어액티브증권상장지수투자신탁(주식),E2789,K55364E27897,
규칙적중,에셋플러스에셋플러스글로벌대장장이액티브증권상장지수투자신탁(주식),DP869,K55364DP8696,
규칙적중,에셋플러스에셋플러스글로벌영에이지액티브증권상장지수투자신탁(주식),DY257,K55364DY2573,
규칙적중,에셋플러스에셋플러스글로벌일등기업포커스10액티브증권상장지수투자신탁(주식),E7904,K55364E79047,
규칙적중,에셋플러스에셋플러스글로벌플랫폼액티브증권상장지수투자신탁(주식),DO634,K55364DO6345,
규칙적중,에셋플러스에셋플러스인도일등기업포커스20액티브증권상장지수투자신탁(주식),ED487,K55364ED4870,
규칙적중,에셋플러스에셋플러스차이나일등기업포커스10액티브증권상장지수투자신탁(주식),E7082,K55364E70822,
규칙적중,에셋플러스에셋플러스코리아대장장이액티브증권상장지수투자신탁(주식),DP665,K55364DP6658,
규칙적중,에셋플러스에셋플러스코리아플랫폼액티브증권상장지수투자신탁(주식),DO633,K55364DO6337,
규칙적중,우리KOSEFBanks상장지수증권투자신탁(주식),57820,KR5206578209,
규칙적중,우리KOSEF대형가치상장지수증권투자신탁(주식),72052,KR5206720520,
규칙적중,우리KOSEF인버스상장지수증권투자신탁[주식-파생형],17674,KR5206176749,
규칙적중,우리KOSEF중형순수가치상장지수증권투자신탁(주식),72053,KR5206720538,
규칙적중,우리WON200증권상장지수투자신탁(주식),DY252,K55107DY2526,
규칙적중,우리WON25-09회사채(AA-이상)액티브증권상장지수투자신탁(채권),E6574,K55107E65742,
규칙적중,우리WONAIESG액티브증권상장지수투자신탁(주식),DP690,K55107DP6908,
규칙적중,우리WONK-글로벌수급상위증권상장지수투자신탁(주식),EN002,K55107EN0027,
규칙적중,우리WON국공채머니마켓액티브증권상장지수투자신탁(채권),E2850,K55107E28500,
규칙적중,우리WON대한민국국고채액티브증권상장지수투자신탁(채권),DT526,K55107DT5260,
규칙적중,우리WON두산그룹포커스증권상장지수투자신탁(주식),ET905,K55107ET9055,
규칙적중,우리WON미국S&P500증권상장지수투자신탁(주식),DX348,K55107DX3483,
규칙적중,우리WON미국빌리어네어증권상장지수투자신탁(주식),ED833,K55107ED8337,
규칙적중,우리WON미국우주항공방산증권상장지수투자신탁(주식),DW399,K55107DW3997,
규칙적중,우리WON반도체밸류체인액티브증권상장지수투자신탁(주식),E8519,K55107E85195,
규칙적중,우리WON삼성전자현대차채권혼합50증권상장지수투자신탁(채권혼합),EV627,K55107EV6271,
규칙적중,우리WON전단채플러스액티브증권상장지수투자신탁(채권),EG203,K55107EG2030,
규칙적중,우리WON종합채권(AA-이상)액티브증권상장지수투자신탁(채권),E3444,K55107E34441,
규칙적중,우리WON중단기종합채권(A-이상)액티브증권상장지수투자신탁(채권),EU995,K55107EU9953,
규칙적중,우리WON초대형IB&금융지주증권상장지수투자신탁(주식),EP707,K55107EP7079,
규칙적중,우리WON피지컬AITOP2플러스액티브증권상장지수투자신탁(주식),EX794,K55107EX7947,
규칙적중,우리WON한국부동산TOP3플러스부동산상장지수투자신탁(재간접형),EA855,K55107EA8553,
규칙적중,유리TREX200증권상장지수투자신탁[주식],90522,KR5307905228,
규칙적중,유리TREX중소형가치증권상장지수투자신탁[주식],71985,KR5307719850,
규칙적중,유리TREX펀더멘탈200증권상장지수투자신탁[주식],A6088,KR5307A60883,
규칙적중,케이씨지아이KCGITMT테크미디어텔레콤액티브증권상장지수투자신탁(주식),DO253,K55365DO2533,
규칙적중,케이씨지아이KCGI미국S&P500TOP10증권상장지수투자신탁[주식],EB159,K55365EB1596,
규칙적중,케이씨지아이KCGI스마트커머스액티브증권상장지수투자신탁(주식),DO252,K55365DO2525,
규칙적중,키움KIWOOM100증권상장지수투자신탁[주식],A8322,KR5391A83228,
규칙적중,키움KIWOOM10년국고채레버리지증권상장지수투자신탁[채권-파생형],AC129,KR5206AC1297,
규칙적중,키움KIWOOM10년국고채증권상장지수투자신탁[채권],A6505,KR5206A65050,
규칙적중,키움KIWOOM200TotalReturn증권상장지수투자신탁[주식],C4647,K55206C46472,
규칙적중,키움KIWOOM200상장지수증권투자신탁[주식],35289,KR5206352894,
규칙적중,키움KIWOOM200선물레버리지증권상장지수투자신탁[주식-파생형],BG456,K55206BG4567,
규칙적중,키움KIWOOM200선물인버스2X증권상장지수투자신탁[주식-파생형],BG457,K55206BG4575,
규칙적중,키움KIWOOM200선물인버스증권상장지수투자신탁[주식-파생형],BG455,K55206BG4559,
규칙적중,키움KIWOOM25-09미국달러채권(AA-이상)액티브증권상장지수투자신탁[채권],E4922,K55206E49225,
규칙적중,키움KIWOOM25-09회사채(AA-이상)액티브증권상장지수투자신탁[채권],ED466,K55206ED4666,
규칙적중,키움KIWOOM26-09회사채(AA-이상)액티브증권상장지수투자신탁[채권],E3977,K55206E39770,
규칙적중,키움KIWOOMCD금리액티브특별자산상장지수투자신탁[금리-파생형](합성),E2462,K55206E24624,
규칙적중,키움KIWOOMFn유전자혁신기술증권상장지수투자신탁[주식],DZ307,K55206DZ3077,
규칙적중,키움KIWOOMK-2차전지북미공급망증권상장지수투자신탁[주식],ED220,K55206ED2207,
규칙적중,키움KIWOOMK-반도체북미공급망증권상장지수투자신탁[주식],ED221,K55206ED2215,
규칙적중,키움KIWOOMKRX100상장지수증권투자신탁[주식],77377,KR5206773776,
규칙적중,키움KIWOOMNIFTY50인디아증권상장지수투자신탁[주식-파생형](합성),AS841,KR5206AS8419,
규칙적중,키움KIWOOMSK그룹대표주증권상장지수투자신탁[주식],DY220,K55206DY2203,
규칙적중,키움KIWOOMSK하이닉스선물단일종목레버리지증권상장지수투자신탁[주식-파생형],EV791,K55206EV7915,
규칙적중,키움KIWOOMUS대형500월간목표헤지액티브증권상장지수투자신탁[혼합-파생재간접형],EJ715,K55206EJ7150,
규칙적중,키움KIWOOMUS테크100월간목표헤지액티브증권상장지수투자신탁[혼합-파생재간접형],EJ724,K55206EJ7242,
규칙적중,키움KIWOOM국고채30년액티브증권상장지수투자신탁[채권],E7119,K55206E71195,
규칙적중,키움KIWOOM국고채상장지수증권투자신탁[채권],15003,KR5206150033,
규칙적중,키움KIWOOM글로벌AI반도체증권상장지수투자신탁[주식],E8045,K55206E80451,
규칙적중,키움KIWOOM글로벌리츠이지스액티브부동산상장지수투자신탁[REITs-재간접형],DV367,K55206DV3675,
규칙적중,키움KIWOOM글로벌전력GRID인프라증권상장지수투자신탁[주식],ED341,K55206ED3411,
규칙적중,키움KIWOOM글로벌전력반도체증권상장지수투자신탁[주식],E8046,K55206E80469,
규칙적중,키움KIWOOM글로벌퓨처모빌리티증권상장지수투자신탁[주식-재간접형],DL041,K55206DL0418,
규칙적중,키움KIWOOM단기자금증권상장지수투자신탁[채권],28771,KR5206287710,
규칙적중,키움KIWOOM단기채권ESG액티브증권상장지수투자신탁[채권],DR480,K55206DR4802,
규칙적중,키움KIWOOM독일DAX증권상장지수투자신탁[주식],DP555,K55206DP5553,
규칙적중,키움KIWOOM리츠이지스액티브부동산상장지수투자신탁[REITs-재간접형],DT522,K55206DT5229,
규칙적중,키움KIWOOM머니마켓액티브증권상장지수투자신탁[채권],E9175,K55206E91755,
규칙적중,키움KIWOOM물가채KIS증권상장지수투자신탁[채권],DT296,K55206DT2960,
규칙적중,키움KIWOOM미국AI테크하이베타증권상장지수투자신탁[주식],ES964,K55206ES9643,
규칙적중,키움KIWOOM미국CPU반도체TOP4+증권상장지수투자신탁[주식],EX300,K55206EX3003,
규칙적중,키움KIWOOM미국ETF산업STOXX증권상장지수투자신탁[주식],DR791,K55206DR7912,
규칙적중,키움KIWOOM미국S&P500&GOLD증권상장지수투자신탁[주식],EQ568,K55206EQ5684,
규칙적중,키움KIWOOM미국S&P500&배당다우존스비중전환증권상장지수투자신탁[주식],EN634,K55206EN6347,
규칙적중,키움KIWOOM미국S&P500TOP10&배당다우존스비중전환증권상장지수투자신탁[주식],EN635,K55206EN6354,
규칙적중,키움KIWOOM미국S&P500모멘텀증권상장지수투자신탁[주식],EQ304,K55206EQ3044,
규칙적중,키움KIWOOM미국S&P500증권상장지수투자신탁[주식],DZ136,K55206DZ1360,
규칙적중,키움KIWOOM미국S&P500증권상장지수투자신탁[주식](H),DZ137,K55206DZ1378,
규칙적중,키움KIWOOM미국고배당&AI테크증권상장지수투자신탁[주식],EN628,K55206EN6289,
규칙적중,키움KIWOOM미국나스닥100증권상장지수투자신탁[주식](H),E0164,K55206E01648,
규칙적중,키움KIWOOM미국달러SOFR금리액티브특별자산상장지수투자신탁[금리-파생형](합성),E2457,K55206E24574,
규칙적중,키움KIWOOM미국달러선물레버리지특별자산상장지수투자신탁[미국달러-파생형],B5627,K55206B56275,
규칙적중,키움KIWOOM미국달러선물인버스2X특별자산상장지수투자신탁[미국달러-파생형],B8327,K55206B83279,
규칙적중,키움KIWOOM미국달러선물인버스특별자산상장지수투자신탁[미국달러-파생형],A1634,KR5206A16343,
규칙적중,키움KIWOOM미국달러선물특별자산상장지수투자신탁[미국달러-파생형],99409,KR5206994091,
규칙적중,키움KIWOOM미국방어배당성장나스닥증권상장지수투자신탁[주식],DC298,K55206DC2985,
규칙적중,키움KIWOOM미국블록버스터바이오테크의약품+증권상장지수투자신탁[주식],EB324,K55206EB3249,
규칙적중,키움KIWOOM미국성장기업30액티브증권상장지수투자신탁[주식],E1979,K55206E19798,
규칙적중,키움KIWOOM미국성장다우존스증권상장지수투자신탁[주식],ER793,K55206ER7937,
규칙적중,키움KIWOOM미국양자컴퓨팅증권상장지수투자신탁[주식],EE945,K55206EE9458,
규칙적중,키움KIWOOM미국우주데이터센터인프라증권상장지수투자신탁[주식],EV446,K55206EV4466,
규칙적중,키움KIWOOM미국우주테크TOP2채권혼합50증권상장지수투자신탁[채권혼합],EW232,K55206EW2329,
규칙적중,키움KIWOOM미국원유에너지기업증권상장지수투자신탁[주식],E8167,K55206E81673,
규칙적중,키움KIWOOM블루칩상장지수증권투자신탁[주식],85385,KR5206853859,
규칙적중,키움KIWOOM삼성SK그룹TOP4+증권상장지수투자신탁[주식],EY643,K55206EY6435,
규칙적중,키움KIWOOM삼성전자&SK하이닉스채권혼합50증권상장지수투자신탁[채권혼합],ES965,K55206ES9650,
규칙적중,키움KIWOOM삼성전자선물단일종목레버리지증권상장지수투자신탁[주식-파생형],EV790,K55206EV7907,
규칙적중,키움KIWOOM엔비디아미국30년국채혼합액티브증권상장지수투자신탁[채권혼합](H),EI047,K55206EI0479,
규칙적중,키움KIWOOM의료AI증권상장지수투자신탁[주식],EB560,K55206EB5608,
규칙적중,키움KIWOOM적격TDF2030액티브증권상장지수투자신탁[주식혼합-재간접형],DU252,K55206DU2520,
규칙적중,키움KIWOOM적격TDF2040액티브증권상장지수투자신탁[주식혼합-재간접형],DU253,K55206DU2538,
규칙적중,키움KIWOOM적격TDF2050액티브증권상장지수투자신탁[주식혼합-재간접형],DU254,K55206DU2546,
규칙적중,키움KIWOOM종합채권(AA-이상)액티브증권상장지수투자신탁[채권],E1570,K55206E15705,
규칙적중,키움KIWOOM차이나A50커넥트MSCI증권상장지수투자신탁[주식-파생형],DW514,K55206DW5141,
규칙적중,키움KIWOOM차이나내수소비TOPCSI증권상장지수투자신탁[주식-파생형],E0991,K55206E09914,
규칙적중,키움KIWOOM코리아고배당상장지수증권투자신탁[주식],85384,KR5206853842,
규칙적중,키움KIWOOM코리아밸류업증권상장지수투자신탁[주식],EF935,K55206EF9358,
규칙적중,키움KIWOOM코리아테크TOP10증권상장지수투자신탁[주식],E6119,K55206E61196,
규칙적중,키움KIWOOM코스닥150선물레버리지증권상장지수투자신탁[주식-파생형],C2909,K55206C29098,
규칙적중,키움KIWOOM코스닥150선물인버스증권상장지수투자신탁[주식-파생형],C2908,K55206C29080,
규칙적중,키움KIWOOM코스닥150증권상장지수투자신탁[주식],CJ297,K55206CJ2971,
규칙적중,키움KIWOOM코스닥150커버드콜액티브증권상장지수투자신탁[주식-파생형],EV271,K55206EV2718,
규칙적중,키움KIWOOM코스닥글로벌증권상장지수투자신탁[주식],E5431,K55206E54316,
규칙적중,키움KIWOOM통안채상장지수증권투자신탁[채권],18411,KR5206184115,
규칙적중,키움KIWOOM팔란티어미국30년국채혼합액티브증권상장지수투자신탁[채권혼합](H),EI048,K55206EI0487,
규칙적중,키움KIWOOM한국고배당&미국AI테크증권상장지수투자신탁[주식],EN564,K55206EN5646,
규칙적중,키움KIWOOM현대차그룹TOP3채권혼합50증권상장지수투자신탁[채권혼합],EX478,K55206EX4787,
규칙적중,키움KOSEF200선물증권상장지수투자신탁[주식-파생형],A7991,KR5206A79911,
규칙적중,키움KOSEFFn중소형증권상장지수투자신탁[주식],CT357,K55206CT3571,
규칙적중,키움KOSEFIT상장지수증권투자신탁(주식),57821,KR5206578217,
규칙적중,키움KOSEF글로벌디지털경제증권상장지수투자신탁[주식-재간접형],DL040,K55206DL0400,
규칙적중,키움KOSEF배당바이백플러스증권상장지수투자신탁[주식],BJ915,K55206BJ9159,
규칙적중,키움KOSEF저PBR가중증권상장지수투자신탁[주식],BJ916,K55206BJ9167,
규칙적중,키움KOSEF코스닥150선물증권상장지수투자신탁[주식-파생형],C2907,K55206C29072,
규칙적중,키움KOSEF펀더멘탈대형주증권상장지수투자신탁(주식),A4651,KR5206A46514,
규칙적중,키움히어로즈24-09회사채(AA-이상)액티브증권상장지수투자신탁(채권),E3976,K55206E39762,
규칙적중,타임폴리오TIMEKorea플러스배당액티브증권상장지수투자신탁[주식],DW484,K553J1DW4846,
규칙적중,타임폴리오TIMEK바이오액티브증권상장지수투자신탁[주식],E4692,K553J1E46927,
규칙적중,타임폴리오TIMEK신재생에너지액티브증권상장지수투자신탁(주식),DO197,K553J1DO1974,
규칙적중,타임폴리오TIMEK이노베이션액티브증권상장지수투자신탁[주식],DJ028,K553J1DJ0288,
규칙적중,타임폴리오TIMEK컬처액티브증권상장지수투자신탁(주식),DP176,K553J1DP1767,
규칙적중,타임폴리오TIME글로벌AI인공지능액티브증권상장지수투자신탁[주식],E2387,K553J1E23876,
규칙적중,타임폴리오TIME글로벌바이오액티브증권상장지수투자신탁[주식],EB913,K553J1EB9138,
규칙적중,타임폴리오TIME글로벌소비트렌드액티브증권상장지수투자신탁(주식),EF168,K553J1EF1685,
규칙적중,타임폴리오TIME글로벌우주테크&방산액티브증권상장지수투자신탁(주식),E9841,K553J1E98415,
규칙적중,타임폴리오TIME글로벌탑픽액티브증권상장지수투자신탁(주식-재간접형),EP163,K553J1EP1634,
규칙적중,타임폴리오TIME글로벌휴머노이드로봇산업액티브증권상장지수투자신탁(주식),EU915,K553J1EU9150,
규칙적중,타임폴리오TIME미국S&P500액티브증권상장지수투자신탁(주식),DT190,K553J1DT1904,
규칙적중,타임폴리오TIME미국나스닥100액티브증권상장지수투자신탁(주식),DT191,K553J1DT1912,
규칙적중,타임폴리오TIME미국나스닥100채권혼합50액티브증권상장지수투자신탁(채권혼합),EI541,K553J1EI5410,
규칙적중,타임폴리오TIME미국배당다우존스액티브증권상장지수투자신탁(주식),EJ669,K553J1EJ6698,
규칙적중,타임폴리오TIME차이나AI테크액티브증권상장지수투자신탁(주식),EK663,K553J1EK6638,
규칙적중,타임폴리오TIME코리아밸류업액티브증권상장지수투자신탁(주식),EF927,K553J1EF9274,
규칙적중,타임폴리오TIME코스닥액티브증권상장지수투자신탁(주식),ET173,K553J1ET1739,
규칙적중,타임폴리오TIME코스피액티브증권상장지수투자신탁(주식),DJ027,K553J1DJ0270,
규칙적중,트러스톤TRUSTON주주가치액티브증권상장지수투자신탁[주식],E7666,K55363E76664,
규칙적중,트러스톤TRUSTON코리아밸류업액티브증권상장지수투자신탁[주식],EF973,K55363EF9738,
규칙적중,하나1Q200액티브증권상장지수투자신탁[주식],DZ875,K55102DZ8758,
규칙적중,하나1Q200채권혼합50액티브증권상장지수투자신탁[채권혼합],EU699,K55102EU6996,
규칙적중,하나1Q25-08회사채(A+이상)액티브증권상장지수투자신탁[채권],E5800,K55102E58003,
규칙적중,하나1QCD금리액티브증권상장지수투자신탁[채권혼합-파생형](합성),ED368,K55102ED3689,
규칙적중,하나1QK반도체TOP2+증권상장지수투자신탁[주식],EU090,K55102EU0908,
규칙적중,하나1QK반도체TOP2채권혼합50증권상장지수투자신탁[채권혼합],EU092,K55102EU0924,
규칙적중,하나1QK소버린AI증권상장지수투자신탁[주식],EN992,K55102EN9924,
규칙적중,하나1QSK하이닉스선물단일종목레버리지증권상장지수투자신탁[주식-파생형],EV795,K55102EV7951,
규칙적중,하나1Q단기금융채액티브증권상장지수투자신탁[채권],E3782,K55102E37825,
규칙적중,하나1Q단기특수은행채액티브증권상장지수투자신탁[채권],EP696,K55102EP6969,
규칙적중,하나1Q머니마켓액티브증권상장지수투자신탁[채권],EA131,K55102EA1314,
규칙적중,하나1Q미국S&P500미국채혼합50액티브증권상장지수투자신탁(채권혼합),EK997,K55102EK9976,
규칙적중,하나1Q미국S&P500증권상장지수투자신탁[주식],EI034,K55102EI0342,
규칙적중,하나1Q미국나스닥100미국채혼합50액티브증권상장지수투자신탁[채권혼합],EO119,K55102EO1193,
규칙적중,하나1Q미국나스닥100증권상장지수투자신탁[주식],EL529,K55102EL5296,
규칙적중,하나1Q미국메디컬AI증권상장지수투자신탁[주식],EM423,K55102EM4231,
규칙적중,하나1Q미국배당TOP30증권상장지수투자신탁[주식],EG657,K55102EG6572,
규칙적중,하나1Q미국우주항공테크증권상장지수투자신탁[주식],EP370,K55102EP3701,
규칙적중,하나1Q삼성전자선물단일종목레버리지증권상장지수투자신탁[주식-파생형],EV794,K55102EV7944,
규칙적중,하나1Q샤오미밸류체인액티브증권상장지수투자신탁[주식],EN697,K55102EN6979,
규칙적중,하나1Q엔비디아알파벳미국채혼합50증권상장지수투자신탁[채권혼합],EX201,K55102EX2018,
규칙적중,하나1Q은액티브특별자산상장지수투자신탁[은-재간접형],ET025,K55102ET0257,
규칙적중,하나1Q종합채권(AA-이상)액티브증권상장지수투자신탁[채권],EI057,K55102EI0573,
규칙적중,하나1Q중단기회사채(A-이상)액티브증권상장지수투자신탁[채권],EJ993,K55102EJ9938,
규칙적중,하나1Q차이나H증권상장지수투자신탁[주식](H),E7809,K55102E78092,
규칙적중,하나1Q코리아밸류업증권상장지수투자신탁[주식],EF979,K55102EF9791,
규칙적중,하나1Q코스닥150채권혼합50액티브증권상장지수투자신탁[채권혼합],EU878,K55102EU8786,
규칙적중,하나1Q현대차그룹채권(A+이상)&국고통안증권상장지수투자신탁[채권],EE801,K55102EE8018,
규칙적중,하나1Q현대차기아채권혼합50증권상장지수투자신탁(채권혼합),EV272,K55102EV2721,
규칙적중,하나KTOPKOSPI50증권상장지수투자신탁[주식],AB835,KR5102AB8355,
규칙적중,한국밸류VITAMZ소비액티브증권상장지수투자신탁(주식),DO198,K55236DO1987,
규칙적중,한국밸류VITA밸류알파액티브증권상장지수투자신탁(주식),DY268,K55236DY2686,
규칙적중,한국투자ACE11월만기자동연장회사채(AA-이상)액티브증권상장지수투자신탁(채권),E7552,K55101E75520,
규칙적중,한국투자ACE200TotalReturn증권상장지수투자신탁(주식),CT671,K55101CT6711,
규칙적중,한국투자ACE200증권상장지수투자신탁(주식),87774,KR5101877748,
규칙적중,한국투자ACE23-12회사채(AA-이상)액티브증권상장지수투자신탁[채권],DY693,K55101DY6937,
규칙적중,한국투자ACE24-12회사채(AA-이상)액티브증권상장지수투자신탁[채권],DY694,K55101DY6945,
규칙적중,한국투자ACE25-06회사채(AA-이상)액티브증권상장지수투자신탁[채권],E3437,K55101E34378,
규칙적중,한국투자ACE26-06회사채(AA-이상)액티브증권상장지수투자신탁[채권],E3438,K55101E34386,
규칙적중,한국투자ACE2월만기자동연장회사채AA-이상액티브증권상장지수투자신탁(채권),E8047,K55101E80470,
규칙적중,한국투자ACE2차전지&친환경차액티브증권상장지수투자신탁(주식),DH787,K55101DH7878,
규칙적중,한국투자ACE5월만기자동연장회사채AA-이상액티브증권상장지수투자신탁(채권),E8048,K55101E80488,
규칙적중,한국투자ACE8월만기자동연장회사채AA-이상액티브증권상장지수투자신탁(채권),E8049,K55101E80496,
규칙적중,한국투자ACEAI반도체TOP3+증권상장지수투자신탁(주식),E6760,K55101E67600,
규칙적중,한국투자ACEBYD밸류체인액티브증권상장지수투자신탁(주식),EJ766,K55101EJ7669,
규칙적중,한국투자ACEESG액티브증권상장지수투자신탁(주식),DI360,K55101DI3603,
규칙적중,한국투자ACEFTSEWGBIKorea증권상장지수투자신탁(채권),EH299,K55101EH2993,
규칙적중,한국투자ACEKPOP포커스증권상장지수투자신탁(주식),E7968,K55101E79688,
규칙적중,한국투자ACEKRX금현물특별자산상장지수투자신탁(금),DN744,K55101DN7441,
규칙적중,한국투자ACEK바이오코스닥액티브증권상장지수투자신탁(주식),EW231,K55101EW2317,
규칙적중,한국투자ACEK반도체TOP2+증권상장지수투자신탁(주식),EW227,K55101EW2275,
규칙적중,한국투자ACEK방산TOP5+증권상장지수투자신탁(주식),EW228,K55101EW2283,
규칙적중,한국투자ACEK수출핵심TOP10산업액티브증권상장지수투자신탁(주식),ES803,K55101ES8039,
규칙적중,한국투자ACEK휴머노이드로봇산업TOP2+증권상장지수투자신탁(주식),EU021,K55101EU0214,
규칙적중,한국투자ACEMSCI멕시코증권상장지수투자신탁(주식-파생형)(합성),C3194,K55101C31949,
규칙적중,한국투자ACEMSCI인도네시아증권상장지수투자신탁(주식-파생형)(합성),BI410,K55101BI4108,
규칙적중,한국투자ACEMSCI필리핀증권상장지수투자신탁(주식-파생형)(합성),BJ509,K55101BJ5096,
규칙적중,한국투자ACESK하이닉스단일종목레버리지증권상장지수투자신탁(주식-파생형),EV710,K55101EV7101,
규칙적중,한국투자ACETDF장기자산배분액티브증권상장지수투자신탁(주식혼합-재간접형),EI164,K55101EI1648,
규칙적중,한국투자ACE고배당주Plus커버드콜액티브증권상장지수투자신탁(주식-파생형),EV628,K55101EV6285,
규칙적중,한국투자ACE고배당주증권상장지수투자신탁(주식),EQ766,K55101EQ7660,
규칙적중,한국투자ACE골드선물레버리지특별자산상장지수투자신탁(금-파생형)(합성H),B4442,K55101B44423,
규칙적중,한국투자ACE구글밸류체인액티브증권상장지수투자신탁(주식),EB609,K55101EB6099,
규칙적중,한국투자ACE국고채10년증권상장지수투자신탁(채권),D9531,K55101D95314,
규칙적중,한국투자ACE국고채증권상장지수투자신탁(채권),14821,KR5101148215,
규칙적중,한국투자ACE국채선물10년인버스증권상장지수투자신탁(채권-파생형),C8130,K55101C81308,
규칙적중,한국투자ACE국채선물3년인버스증권상장지수투자신탁(채권-파생형),C8127,K55101C81274,
규칙적중,한국투자ACE글로벌AI맞춤형반도체증권상장지수투자신탁(주식),EE618,K55101EE6187,
규칙적중,한국투자ACE글로벌메타버스테크액티브증권상장지수투자신탁(주식),DP295,K55101DP2952,
규칙적중,한국투자ACE글로벌반도체TOP4Plus증권상장지수투자신탁(주식),DY275,K55101DY2753,
규칙적중,한국투자ACE글로벌브랜드TOP10증권상장지수투자신탁(주식),DU391,K55101DU3912,
규칙적중,한국투자ACE글로벌빅파마증권상장지수투자신탁(주식),EF616,K55101EF6160,
규칙적중,한국투자ACE글로벌인컴TOP10증권상장지수투자신탁[혼합-재간접형],E3000,K55101E30004,
규칙적중,한국투자ACE글로벌자율주행액티브증권상장지수투자신탁(주식),DP131,K55101DP1319,
규칙적중,한국투자ACE단기자금증권상장지수투자신탁(채권),AN325,KR5101AN3254,
규칙적중,한국투자ACE단기채권알파액티브증권상장지수투자신탁(채권),DW277,K55101DW2771,
규칙적중,한국투자ACE라이프자산주주가치액티브증권상장지수투자신탁(주식),EE790,K55101EE7904,
규칙적중,한국투자ACE러시아MSCI증권상장지수투자신탁(주식-파생형)(합성),BM289,K55101BM2890,
규칙적중,한국투자ACE레버리지증권상장지수투자신탁(주식-파생형),A6206,KR5101A62068,
규칙적중,한국투자ACE리츠부동산인프라액티브부동산상장지수투자신탁(재간접형),EP977,K55101EP9774,
규칙적중,한국투자ACE마이크로소프트밸류체인액티브증권상장지수투자신탁(주식),EB608,K55101EB6081,
규칙적중,한국투자ACE머니마켓액티브증권상장지수투자신탁(채권),EC848,K55101EC8482,
규칙적중,한국투자ACE모닝스타싱가포르리츠30증권상장지수투자신탁(채권혼합-파생형),CX432,K55101CX4322,
규칙적중,한국투자ACE미국10년국채액티브증권상장지수투자신탁(채권),EL916,K55101EL9166,
규칙적중,한국투자ACE미국10년국채액티브증권상장지수투자신탁[채권](H),EL917,K55101EL9174,
규칙적중,한국투자ACE미국30년국채선물레버리지증권상장지수투자신탁(채권-파생형)(합성H),DZ903,K55101DZ9039,
규칙적중,한국투자ACE미국30년국채액티브증권상장지수투자신탁[채권],E9186,K55101E91865,
규칙적중,한국투자ACE미국30년국채액티브증권상장지수투자신탁[채권](H),E0386,K55101E03860,
규칙적중,한국투자ACE미국30년국채엔화노출액티브증권상장지수투자신탁[채권](H),E9179,K55101E91790,
규칙적중,한국투자ACE미국500데일리타겟커버드콜증권상장지수투자신탁(주식-파생형)(합성),E9775,K55101E97755,
규칙적중,한국투자ACE미국AI테크핵심산업액티브증권상장지수투자신탁(주식),EO445,K55101EO4453,
규칙적중,한국투자ACE미국IT인터넷증권상장지수투자신탁(주식-파생형)(합성H),BW592,K55101BW5925,
규칙적중,한국투자ACE미국S&P500미국채혼합50액티브증권상장지수투자신탁(채권혼합),DU888,K55101DU8887,
규칙적중,한국투자ACE미국S&P500증권상장지수투자신탁(주식),D7819,K55101D78195,
규칙적중,한국투자ACE미국SMR원자력TOP10증권상장지수투자신탁(주식),ER424,K55101ER4245,
규칙적중,한국투자ACE미국SOFR금리특별자산상장지수투자신탁[금리-파생형](합성),E1969,K55101E19692,
규칙적중,한국투자ACE미국WideMoat동일가중증권상장지수투자신탁(주식),CF311,K55101CF3110,
규칙적중,한국투자ACE미국나스닥100미국채혼합50액티브증권상장지수투자신탁(채권혼합),DU887,K55101DU8879,
규칙적중,한국투자ACE미국나스닥100증권상장지수투자신탁(주식),DB118,K55101DB1182,
규칙적중,한국투자ACE미국달러단기채권액티브증권상장지수투자신탁(채권),DW325,K55101DW3258,
규칙적중,한국투자ACE미국대형가치주액티브증권상장지수투자신탁(주식),EP962,K55101EP9626,
규칙적중,한국투자ACE미국대형성장주액티브증권상장지수투자신탁(주식),EP963,K55101EP9634,
규칙적중,한국투자ACE미국반도체데일리타겟커버드콜증권상장지수투자신탁(주식-파생형)(합성),E9645,K55101E96450,
규칙적중,한국투자ACE미국배당다우존스증권상장지수투자신탁(주식),DN447,K55101DN4471,
규칙적중,한국투자ACE미국배당퀄리티+커버드콜액티브증권상장지수투자신탁(주식-재간접형),EK734,K55101EK7344,
규칙적중,한국투자ACE미국배당퀄리티증권상장지수투자신탁(주식),EK727,K55101EK7278,
규칙적중,한국투자ACE미국배당퀄리티채권혼합50증권상장지수투자신탁(채권혼합),EK729,K55101EK7294,
규칙적중,한국투자ACE미국부동산리츠부동산상장지수투자신탁(파생형)(합성H),AJ978,KR5101AJ9786,
규칙적중,한국투자ACE미국빅테크7+데일리타겟커버드콜증권상장지수투자신탁(주식-파생형)(합성),E9776,K55101E97763,
규칙적중,한국투자ACE미국빅테크TOP7Plus레버리지증권상장지수투자신탁(주식-파생형)(합성),E5248,K55101E52487,
규칙적중,한국투자ACE미국빅테크TOP7Plus인버스증권상장지수투자신탁(주식-파생형)(합성),E5249,K55101E52495,
규칙적중,한국투자ACE미국빅테크TOP7Plus증권상장지수투자신탁(주식),E5247,K55101E52479,
규칙적중,한국투자ACE미국스팩&IPOINDXX증권상장지수투자신탁(주식),DK512,K55101DK5125,
규칙적중,한국투자ACE미국우주테크액티브증권상장지수투자신탁(주식),ET745,K55101ET7451,
규칙적중,한국투자ACE미국주식베스트셀러증권상장지수투자신탁(주식),E5401,K55101E54012,
규칙적중,한국투자ACE미국중심중소형제조업증권상장지수투자신탁(주식),EH503,K55101EH5038,
규칙적중,한국투자ACE미국친환경그린테마증권상장지수투자신탁(주식),DK665,K55101DK6651,
규칙적중,한국투자ACE미국하이일드액티브증권상장지수투자신탁[채권-재간접형](H),E1301,K55101E13018,
규칙적중,한국투자ACE반도체Plus전략산업증권상장지수투자신탁(주식),EY176,K55101EY1762,
규칙적중,한국투자ACE밸류대형증권상장지수투자신탁(주식),A4041,KR5101A40411,
규칙적중,한국투자ACE베트남VN30증권상장지수투자신탁(주식-파생형)(합성),BE085,K55101BE0852,
규칙적중,한국투자ACE블룸버그베트남VN30선물레버리지증권상장지수투자신탁(주식-파생형)(H),DB621,K55101DB6215,
규칙적중,한국투자ACE삼성그룹주SW증권상장지수투자신탁(주식),89776,KR5101897761,
규칙적중,한국투자ACE삼성그룹주동일가중증권상장지수투자신탁(주식),29927,KR5101299273,
규칙적중,한국투자ACE삼성전자SK하이닉스플러스채권혼합50증권상장지수투자신탁(채권혼합),EY760,K55101EY7603,
규칙적중,한국투자ACE삼성전자단일종목레버리지증권상장지수투자신탁(주식-파생형),EV709,K55101EV7093,
규칙적중,한국투자ACE성장소비주도주증권상장지수투자신탁(주식),B5453,K55101B54539,
규칙적중,한국투자ACE스마트로우볼증권상장지수투자신탁(주식),CL733,K55101CL7337,
규칙적중,한국투자ACE스마트모멘텀증권상장지수투자신탁(주식),BQ058,K55101BQ0585,
규칙적중,한국투자ACE스마트밸류증권상장지수투자신탁(주식),BQ059,K55101BQ0593,
규칙적중,한국투자ACE스마트퀄리티증권상장지수투자신탁(주식),CL732,K55101CL7329,
규칙적중,한국투자ACE스마트하이베타증권상장지수투자신탁(주식),CL734,K55101CL7345,
규칙적중,한국투자ACE싱가포르리츠부동산상장지수투자신탁(재간접형),CG525,K55101CG5254,
규칙적중,한국투자ACE아시아TOP50증권상장지수투자신탁(주식),BU275,K55101BU2759,
규칙적중,한국투자ACE애플밸류체인액티브증권상장지수투자신탁(주식),E4291,K55101E42918,
규칙적중,한국투자ACE엔비디아밸류체인액티브증권상장지수투자신탁(주식),EB617,K55101EB6172,
규칙적중,한국투자ACE엔비디아채권혼합증권상장지수투자신탁(채권혼합),DY692,K55101DY6929,
규칙적중,한국투자ACE우량회사채(AA-이상)액티브증권상장지수투자신탁(채권),EN652,K55101EN6525,
규칙적중,한국투자ACE원자력TOP10증권상장지수투자신탁(주식),DU036,K55101DU0363,
규칙적중,한국투자ACE유럽방산TOP10증권상장지수투자신탁(주식),EN629,K55101EN6293,
규칙적중,한국투자ACE인도시장대표Big5그룹액티브증권상장지수투자신탁(주식),EC176,K55101EC1768,
규칙적중,한국투자ACE인도컨슈머파워액티브증권상장지수투자신탁(주식),EB645,K55101EB6453,
규칙적중,한국투자ACE인버스증권상장지수투자신탁(주식-파생형),A5976,KR5101A59767,
규칙적중,한국투자ACE일라이릴리밸류체인증권상장지수투자신탁(주식),EG134,K55101EG1343,
규칙적중,한국투자ACE일본Nikkei225증권상장지수투자신탁(주식-파생형)(H),BA823,K55101BA8230,
규칙적중,한국투자ACE일본레버리지증권상장지수투자신탁(주식-재간접파생형)(H),AR980,KR5101AR9802,
규칙적중,한국투자ACE일본반도체증권상장지수투자신탁(주식),E6603,K55101E66032,
규칙적중,한국투자ACE일본인버스증권상장지수투자신탁(주식-파생형)(합성H),AV102,KR5101AV1027,
규칙적중,한국투자ACE적격TDF2030액티브증권상장지수투자신탁(주식혼합-재간접형),EI162,K55101EI1622,
규칙적중,한국투자ACE적격TDF2050액티브증권상장지수투자신탁(주식혼합-재간접형),EI163,K55101EI1630,
규칙적중,한국투자ACE종합채권(AA-이상)액티브증권상장지수투자신탁(채권),D3415,K55101D34156,
규칙적중,한국투자ACE주주환원가치주액티브증권상장지수투자신탁(주식),DY433,K55101DY4338,
규칙적중,한국투자ACE중국과창판STAR50증권상장지수투자신탁(주식),DP753,K55101DP7530,
규칙적중,한국투자ACE중국본토CSI300증권자상장지수투자신탁(주식-파생형),AD575,KR5101AD5756,
규칙적중,한국투자ACE중국본토레버리지CSI300증권상장지수투자신탁(주식혼합-파생형)(합성),B2629,K55101B26297,
규칙적중,한국투자ACE중장기국공채액티브증권상장지수투자신탁(채권),BQ960,K55101BQ9602,
규칙적중,한국투자ACE차이나AI빅테크TOP2+액티브증권상장지수투자신탁(주식),EM084,K55101EM0842,
규칙적중,한국투자ACE차이나항셍테크증권상장지수투자신탁(주식),DC540,K55101DC5406,
규칙적중,한국투자ACE코리아AI전력TOP10증권상장지수투자신탁(주식),EU273,K55101EU2731,
규칙적중,한국투자ACE코리아AI테크핵심산업증권상장지수투자신탁(주식),DH234,K55101DH2341,
규칙적중,한국투자ACE코리아밸류업증권상장지수투자신탁(주식),EF982,K55101EF9826,
규칙적중,한국투자ACE코스닥150증권상장지수투자신탁(주식),D4151,K55101D41516,
규칙적중,한국투자ACE코스닥증권상장지수투자신탁(주식-파생형)(합성),BG286,K55101BG2864,
규칙적중,한국투자ACE코스피증권상장지수투자신탁(주식),CC304,K55101CC3048,
규칙적중,한국투자ACE테슬라밸류체인액티브증권상장지수투자신탁(주식),E1938,K55101E19387,
규칙적중,한국투자ACE포스코그룹포커스증권상장지수투자신탁(주식),E6756,K55101E67568,
규칙적중,한국투자KINDEXK-뉴딜디지털플러스증권상장지수투자신탁(주식),DB886,K55101DB8864,
규칙적중,한국투자KINDEXiBoxx선진국하이일드증권상장지수투자신탁(채권-파생형)(합성H),AJ115,KR5101AJ1155,
규칙적중,한국투자KINDEX골드선물인버스2X특별자산상장지수투자신탁(금-파생형)(합성H),B8481,K55101B84817,
규칙적중,한국투자KINDEX배당성장증권상장지수투자신탁(주식),AX962,KR5101AX9622,
규칙적중,한국투자KINDEX블룸버그베트남VN30선물레버리지증권상장지수투자신탁(주식-파생형)(H)(상환),CW996,K55101CW9967,
규칙적중,한국투자KINDEX성장대형F15증권상장지수투자신탁(주식),87775,KR5101877755,
규칙적중,한국투자KINDEX코스닥150레버리지증권상장지수투자신탁(주식-파생형),B8939,K55101B89394,
규칙적중,한국투자KINDEX코스닥150증권상장지수투자신탁(주식),B7123,K55101B71236,
규칙적중,한국투자KINDEX코스닥스타증권상장지수투자신탁(주식),89718,KR5101897183,
규칙적중,한화ARIRANG200동일가중증권상장지수투자신탁(주식),C6941,K55213C69413,
규칙적중,한화ARIRANG200로우볼가중증권상장지수투자신탁(주식),C6940,K55213C69405,
규칙적중,한화ARIRANG200모멘텀가중증권상장지수투자신탁(주식),C6939,K55213C69397,
규칙적중,한화ARIRANG200밸류가중증권상장지수투자신탁(주식),C6937,K55213C69371,
규칙적중,한화ARIRANG200퀄리티가중증권상장지수투자신탁(주식),C6938,K55213C69389,
규칙적중,한화ARIRANGESG우수기업증권상장지수투자신탁(주식),BV461,K55213BV4619,
규칙적중,한화ARIRANGHSCEI레버리지증권상장지수투자신탁(주식-파생형)(합성H),AT269,KR5213AT2693,
규칙적중,한화ARIRANGKOSPI100동일비중증권상장지수투자신탁(주식),A2666,KR5213A26660,
규칙적중,한화ARIRANGKRX100동일비중증권상장지수투자신탁(주식),A2667,KR5213A26678,
규칙적중,한화ARIRANGKRX300IT증권상장지수투자신탁(주식),CF351,K55213CF3511,
규칙적중,한화ARIRANGKRX300금융증권상장지수투자신탁(주식),CF352,K55213CF3529,
규칙적중,한화ARIRANGKRX300산업재증권상장지수투자신탁(주식),CF353,K55213CF3537,
규칙적중,한화ARIRANGKRX300자유소비재증권상장지수투자신탁(주식),CF354,K55213CF3545,
규칙적중,한화ARIRANGKRX300증권상장지수투자신탁(주식),C4470,K55213C44705,
규칙적중,한화ARIRANGKRX300헬스케어증권상장지수투자신탁(주식),CF355,K55213CF3552,
규칙적중,한화ARIRANGLG그룹&증권상장지수투자신탁(주식),17253,KR5103172536,
규칙적중,한화ARIRANGS&P배당성장증권상장지수투자신탁(주식),B4228,K55213B42289,
규칙적중,한화ARIRANG경기방어주증권상장지수투자신탁(주식),AC321,KR5213AC3211,
규칙적중,한화ARIRANG경기주도주증권상장지수투자신탁(주식),AC322,KR5213AC3229,
규칙적중,한화ARIRANG네오밸류증권상장지수투자신탁(주식),27724,KR5103277244,
규칙적중,한화ARIRANG단기유동성증권상장지수투자신탁(채권),AM499,KR5213AM4993,
규칙적중,한화ARIRANG바벨증권상장지수투자신탁(채권),AM289,KR5213AM2898,
규칙적중,한화ARIRANG스마트베타4종결합증권상장지수투자신탁(주식),BD152,K55213BD1526,
규칙적중,한화ARIRANG스마트베타LowVOL증권상장지수투자신탁(주식),B9700,K55213B97002,
규칙적중,한화ARIRANG스마트베타Momentum증권상장지수투자신탁(주식),B4226,K55213B42263,
규칙적중,한화ARIRANG스마트베타Quality증권상장지수투자신탁(주식),B4227,K55213B42271,
규칙적중,한화ARIRANG스마트베타Value증권상장지수투자신탁(주식),B4225,K55213B42255,
규칙적중,한화ARIRANG우량단기채권증권상장지수투자신탁(채권),BL112,K55213BL1120,
규칙적중,한화ARIRANG자동차증권상장지수투자신탁(주식),AC324,KR5213AC3245,
규칙적중,한화ARIRANG조선운증권상장지수투자신탁(주식),AC325,KR5213AC3252,
규칙적중,한화ARIRANG철강금속증권상장지수투자신탁(주식),AC235,KR5213AC2353,
규칙적중,한화ARIRANG코스피중형주증권상장지수투자신탁(주식),CB194,K55213CB1949,
규칙적중,한화ARIRANG탄소효율그린뉴딜증권상장지수투자신탁(주식),DC205,K55213DC2051,
규칙적중,한화ARIRANG화학증권상장지수투자신탁(주식),AC326,KR5213AC3260,
규칙적중,한화PLUS200TotalReturn증권상장지수투자신탁(주식),EE175,K55213EE1753,
규칙적중,한화PLUS200선물레버리지증권상장지수투자신탁(주식-파생형),BH168,K55213BH1688,
규칙적중,한화PLUS200선물인버스2X증권상장지수투자신탁(주식-파생형),BH166,K55213BH1662,
규칙적중,한화PLUS200위클리커버드콜채권혼합증권상장지수투자신탁(채권혼합-파생형),EL446,K55213EL4469,
규칙적중,한화PLUS200증권상장지수투자신탁(주식),A7300,KR5213A73001,
규칙적중,한화PLUS200커버드콜액티브증권상장지수투자신탁(주식-파생형),EW585,K55213EW5851,
규칙적중,한화PLUSAI반도체소부장액티브증권상장지수투자신탁(주식),EY594,K55213EY5941,
규칙적중,한화PLUSESG가치주액티브증권상장지수투자신탁(주식),DK896,K55213DK8967,
규칙적중,한화PLUSESG성장주액티브증권상장지수투자신탁(주식),DK895,K55213DK8959,
규칙적중,한화PLUSKOFR금리특별자산상장지수투자신탁(금리),E0726,K55213E07260,
규칙적중,한화PLUSKS로우볼가중TotalReturn증권상장지수투자신탁(주식),CU507,K55213CU5079,
규칙적중,한화PLUSKS로우사이즈가중TotalReturn증권상장지수투자신탁(주식),CU508,K55213CU5087,
규칙적중,한화PLUSKS모멘텀가중TotalReturn증권상장지수투자신탁(주식),CU509,K55213CU5095,
규칙적중,한화PLUSKS밸류가중TotalReturn증권상장지수투자신탁(주식),CU510,K55213CU5103,
규칙적중,한화PLUSKS퀄리티가중TotalReturn증권상장지수투자신탁(주식),CU511,K55213CU5111,
규칙적중,한화PLUSK리츠부동산상장지수투자신탁(재간접형),DT823,K55213DT8232,
규칙적중,한화PLUSK방산레버리지증권상장지수투자신탁(주식-파생형),EO356,K55213EO3567,
규칙적중,한화PLUSK방산소부장증권상장지수투자신탁(주식),EM571,K55213EM5713,
규칙적중,한화PLUSK방산증권상장지수투자신탁(주식),DZ414,K55213DZ4142,
규칙적중,한화PLUSK유니콘투자기업액티브증권상장지수투자신탁(주식),DV498,K55213DV4989,
규칙적중,한화PLUSK제조업핵심기업액티브증권상장지수투자신탁(주식),ES177,K55213ES1773,
규칙적중,한화PLUSS&P500증권상장지수투자신탁(주식)(H),BO844,K55213BO8445,
규칙적중,한화PLUSS&P글로벌인프라증권상장지수투자신탁(주식),BO651,K55213BO6514,
규칙적중,한화PLUSSK하이닉스샌디스크채권혼합50증권상장지수투자신탁(채권혼합),EW811,K55213EW8111,
규칙적중,한화PLUSTDF2030액티브증권상장지수투자신탁(혼합-재간접형),DU608,K55213DU6084,
규칙적중,한화PLUSTDF2040액티브증권상장지수투자신탁(혼합-재간접형),DU607,K55213DU6076,
규칙적중,한화PLUSTDF2050액티브증권상장지수투자신탁(혼합-재간접형),DU606,K55213DU6068,
규칙적중,한화PLUS고배당저변동50증권상장지수투자신탁(주식),BG008,K55213BG0087,
규칙적중,한화PLUS고배당주위클리고정커버드콜증권상장지수투자신탁(주식-파생형),EH582,K55213EH5827,
규칙적중,한화PLUS고배당주위클리커버드콜증권상장지수투자신탁(주식-파생형),ED872,K55213ED8726,
규칙적중,한화PLUS고배당주증권상장지수투자신탁(주식),AC323,KR5213AC3237,
규칙적중,한화PLUS고배당주채권혼합증권상장지수투자신탁(채권혼합-파생형),BG009,K55213BG0095,
규칙적중,한화PLUS국고채10년액티브증권상장지수투자신탁(채권),E3566,K55213E35667,
규칙적중,한화PLUS국고채30년액티브증권상장지수투자신탁(채권),E0016,K55213E00166,
규칙적중,한화PLUS국공채머니마켓액티브증권상장지수투자신탁(채권),EE106,K55213EE1068,
규칙적중,한화PLUS국채선물10년증권상장지수투자신탁(채권-파생형),C2645,K55213C26454,
규칙적중,한화PLUS국채선물3년증권상장지수투자신탁(채권-파생형),C8895,K55213C88959,
규칙적중,한화PLUS글로벌AI인프라증권상장지수투자신탁(주식),ED935,K55213ED9351,
규칙적중,한화PLUS글로벌AI증권상장지수투자신탁(주식),DW038,K55213DW0382,
규칙적중,한화PLUS글로벌HBM반도체증권상장지수투자신탁(주식),DW684,K55213DW6843,
규칙적중,한화PLUS글로벌MSCI증권상장지수투자신탁(주식-파생형)(합성H),AL157,KR5213AL1578,
규칙적중,한화PLUS글로벌방산증권상장지수투자신탁(주식),EF741,K55213EF7411,
규칙적중,한화PLUS글로벌수소&차세대연료전지증권상장지수투자신탁(주식),DQ036,K55213DQ0364,
규칙적중,한화PLUS글로벌원자력밸류체인증권상장지수투자신탁(주식형),EG901,K55213EG9010,
규칙적중,한화PLUS글로벌저작권핵심기업액티브증권상장지수투자신탁(주식),ER771,K55213ER7714,
규칙적중,한화PLUS글로벌휴머노이드로봇액티브증권상장지수투자신탁(주식),EJ069,K55213EJ0693,
규칙적중,한화PLUS글로벌희토류&전략자원생산기업증권상장지수투자신탁(주식),DH427,K55213DH4276,
규칙적중,한화PLUS금채권혼합증권상장지수투자신탁(채권혼합-재간접형),EQ454,K55213EQ4548,
규칙적중,한화PLUS단기채권액티브증권상장지수투자신탁(채권),BW623,K55213BW6233,
규칙적중,한화PLUS머니마켓액티브증권상장지수투자신탁(채권),E9002,K55213E90027,
규칙적중,한화PLUS미국AI에이전트증권상장지수투자신탁(주식형),EJ271,K55213EJ2715,
규칙적중,한화PLUS미국S&P500미국채혼합50액티브증권상장지수투자신탁(채권혼합-재간접형),EK877,K55213EK8776,
규칙적중,한화PLUS미국S&P500성장주증권상장지수투자신탁(주식),EF097,K55213EF0978,
규칙적중,한화PLUS미국S&P500증권상장지수투자신탁(주식),DS713,K55213DS7136,
규칙적중,한화PLUS미국고배당주액티브증권상장지수투자신탁(주식),ER233,K55213ER2335,
규칙적중,한화PLUS미국나스닥100미국채혼합50증권상장지수투자신탁(채권혼합),EM555,K55213EM5556,
규칙적중,한화PLUS미국나스닥테크증권상장지수투자신탁(주식),C0358,K55213C03586,
규칙적중,한화PLUS미국다우존스고배당주증권상장지수투자신탁(주식-파생형)(합성H),AY781,KR5213AY7810,
규칙적중,한화PLUS미국단기회사채(AAA~A)증권상장지수투자신탁(채권),CS631,K55213CS6311,
규칙적중,한화PLUS미국달러SOFR금리액티브특별자산상장지수투자신탁(금리-파생형)(합성),E2308,K55213E23085,
규칙적중,한화PLUS미국대체투자Top10증권상장지수투자신탁(주식),DT047,K55213DT0478,
규칙적중,한화PLUS미국로보택시증권상장지수투자신탁(주식),EL749,K55213EL7496,
규칙적중,한화PLUS미국배당증가성장주데일리커버드콜증권상장지수투자신탁(주식-파생형),EF138,K55213EF1380,
규칙적중,한화PLUS미국양자컴퓨팅TOP10증권상장지수투자신탁(주식),EI268,K55213EI2682,
규칙적중,한화PLUS미국장기우량회사채증권상장지수투자신탁(채권),CS632,K55213CS6329,
규칙적중,한화PLUS미국채30년액티브증권상장지수투자신탁(채권),E5228,K55213E52282,
규칙적중,한화PLUS미국테크TOP10레버리지증권상장지수투자신탁(주식혼합-파생형)(합성),E3154,K55213E31542,
규칙적중,한화PLUS미국테크TOP10증권상장지수투자신탁(주식),E3153,K55213E31534,
규칙적중,한화PLUS삼성전자단일종목레버리지증권상장지수투자신탁(주식-파생형),EV781,K55213EV7817,
규칙적중,한화PLUS삼성전자선물단일종목인버스2X증권상장지수투자신탁(주식-파생형),EV742,K55213EV7429,
규칙적중,한화PLUS선진국MSCI증권상장지수투자신탁(주식-파생형)(합성H),AR712,KR5213AR7124,
규칙적중,한화PLUS스마트베타Quality채권혼합증권상장지수투자신탁(채권혼합-파생형),BA647,K55213BA6478,
규칙적중,한화PLUS신흥국MSCI인버스증권상장지수투자신탁(주식-파생형)(합성H),DD370,K55213DD3702,
규칙적중,한화PLUS신흥국MSCI증권상장지수투자신탁(주식-파생형)(합성H),AR716,KR5213AR7165,
규칙적중,한화PLUS심천차이넥스트증권상장지수투자신탁(주식-파생형)(합성),BI719,K55213BI7197,
규칙적중,한화PLUS애플채권혼합증권상장지수투자신탁(채권혼합),DY434,K55213DY4341,
규칙적중,한화PLUS우량회사채50증권상장지수투자신탁(채권),BB513,K55213BB5131,
규칙적중,한화PLUS우주항공증권상장지수투자신탁(주식),DR871,K55213DR8713,
규칙적중,한화PLUS은채권혼합증권상장지수투자신탁(채권혼합-재간접형),EU027,K55213EU0276,
규칙적중,한화PLUS일본반도체소부장증권상장지수투자신탁(주식),E5229,K55213E52290,
규칙적중,한화PLUS일본엔화초단기국채증권상장지수투자신탁(채권-파생형)(합성),ED266,K55213ED2661,
규칙적중,한화PLUS자사주매입고배당주증권상장지수투자신탁(주식),EM996,K55213EM9962,
규칙적중,한화PLUS적격TDF2060액티브증권상장지수투자신탁(주식혼합-재간접형),DU605,K55213DU6050,
규칙적중,한화PLUS종합채권(AA-이상)액티브증권상장지수투자신탁(채권),DZ299,K55213DZ2997,
규칙적중,한화PLUS주도업종증권상장지수투자신탁(주식),BX800,K55213BX8006,
규칙적중,한화PLUS중기종합채권(A-이상)액티브증권상장지수투자신탁(채권),ES969,K55213ES9693,
규칙적중,한화PLUS중형주저변동50증권상장지수투자신탁(주식),BL288,K55213BL2888,
규칙적중,한화PLUS차이나AI테크TOP10증권상장지수투자신탁(주식),EJ983,K55213EJ9835,
규칙적중,한화PLUS차이나항셍테크위클리타겟커버드콜증권상장지수투자신탁(주식-파생형),EP171,K55213EP1719,
규칙적중,한화PLUS코리아HBM반도체증권상장지수투자신탁(주식),EY499,K55213EY4993,
규칙적중,한화PLUS코리아밸류업증권상장지수투자신탁(주식),EF937,K55213EF9375,
규칙적중,한화PLUS코스닥150선물인버스증권상장지수투자신탁(주식-파생형),C8627,K55213C86276,
규칙적중,한화PLUS코스닥150액티브증권상장지수투자신탁(주식),EN804,K55213EN8047,
규칙적중,한화PLUS코스닥150증권상장지수투자신탁(주식),C8626,K55213C86268,
규칙적중,한화PLUS코스피50증권상장지수투자신탁(주식),18507,KR5213185071,
규칙적중,한화PLUS코스피TotalReturn증권상장지수투자신탁(주식),CQ434,K55213CQ4342,
규칙적중,한화PLUS코스피증권상장지수투자신탁(주식),B7295,K55213B72955,
규칙적중,한화PLUS태양광&ESS증권상장지수투자신탁(주식),E1335,K55213E13359,
규칙적중,한화PLUS테슬라위클리커버드콜채권혼합증권상장지수투자신탁(채권혼합-파생형),EP390,K55213EP3905,
규칙적중,한화PLUS한화그룹주증권상장지수투자신탁(주식),EG315,K55213EG3153,
규칙적중,현대HIT골드특별자산상장지수투자신탁(금-재간접형),94558,KR5239945581,
규칙적중,현대HIT보험증권상장지수투자신탁(주식),26704,KR5239267044,
규칙적중,현대UNICORNK바이오액티브증권상장지수투자신탁[주식],EU500,K55373EU5008,
규칙적중,현대UNICORNR&D액티브증권상장지수투자신탁[주식],DU613,K55373DU6130,
규칙적중,현대UNICORNSK하이닉스밸류체인액티브증권상장지수투자신탁[주식],EF100,K55373EF1006,
규칙적중,현대UNICORN생성형AI강소기업액티브증권상장지수투자신탁[주식],E7245,K55373E72456,
규칙적중,현대UNICORN포스트IPO액티브증권상장지수투자신탁[주식],E9135,K55373E91357,
규칙적중,흥국HK200증권상장지수투자신탁[주식],ED583,K55224ED5836,
규칙적중,흥국HK26-12회사채(AA-이상)액티브증권상장지수투자신탁[채권],EH030,K55224EH0304,
규칙적중,흥국HKS&P코리아로우볼증권상장지수투자신탁[주식],B1263,K55224B12636,
규칙적중,흥국HK머니마켓액티브증권상장지수투자신탁[채권],EO848,K55224EO8480,
규칙적중,흥국HK베스트일레븐액티브증권상장지수투자신탁[주식],DK410,K55224DK4104,
규칙적중,흥국HK종합채권(AA-이상)액티브증권상장지수투자신탁[채권],E7335,K55224E73350,
규칙적중,흥국HK하이볼액티브증권상장지수투자신탁(주식),DK411,K55224DK4112,
